run,name,n_px,cx,cy,blowout_frac,flag_reasons,category
run_01,frame_0000.png,590,336.1033898305085,226.65593220338982,0.00013346354166666666,,
run_01,frame_0001.png,757,319.81505944517835,212.9550858652576,2.2786458333333334e-05,,
run_01,frame_0002.png,857,304.73745624270714,215.00233372228703,7.8125e-05,,
run_01,frame_0003.png,778,297.31619537275066,227.32647814910027,0.000146484375,,
run_01,frame_0004.png,597,296.8157453936348,235.3149078726968,4.8828125e-05,,
run_01,frame_0005.png,403,295.1240694789082,238.22828784119108,6.510416666666667e-06,,
run_01,frame_0006.png,457,301.82275711159735,239.79212253829323,6.184895833333334e-05,,
run_01,frame_0007.png,584,302.01198630136986,240.50342465753425,9.765625e-06,,
run_01,frame_0008.png,639,302.1064162754304,247.85133020344287,2.2786458333333334e-05,,
run_01,frame_0009.png,634,307.91324921135646,255.3564668769716,4.557291666666667e-05,,
run_01,frame_0010.png,580,322.13793103448273,259.22241379310344,1.953125e-05,,
run_01,frame_0011.png,450,335.72444444444443,246.2288888888889,3.90625e-05,,
run_01,frame_0012.png,509,332.53831041257365,224.74459724950884,4.557291666666667e-05,,
run_01,frame_0013.png,673,318.3150074294205,214.03417533432392,9.765625e-06,,BASELINE
run_01,frame_0014.png,759,303.98945981554675,218.61001317523056,8.463541666666667e-05,,
run_01,frame_0015.png,736,297.5217391304348,228.9891304347826,0.00024088541666666667,,
run_01,frame_0016.png,597,295.4958123953099,235.19932998324958,0.000107421875,,
run_01,frame_0017.png,493,291.05882352941177,238.82758620689654,8.138020833333333e-05,,
run_01,frame_0018.png,650,301.5861538461538,238.80307692307693,0.00015299479166666668,,
run_01,frame_0019.png,871,299.47416762342135,240.33524684270952,0.00013020833333333333,,
run_01,frame_0020.png,1013,298.8371174728529,253.81145113524187,7.486979166666666e-05,,
run_01,frame_0021.png,1002,311.0878243512974,267.37225548902194,0.00014973958333333332,,
run_01,frame_0022.png,911,333.9012074643249,265.9769484083425,0.00019205729166666666,,
run_01,frame_0023.png,812,356.28694581280786,241.52463054187191,0.0033854166666666668,,
run_01,frame_0024.png,966,342.4265010351967,209.80020703933747,0.004762369791666667,,
run_01,frame_0025.png,1254,317.99362041467305,197.33811802232856,0.0010416666666666667,HIGH_PIXEL_COUNT(1254),FLAGGED
run_01,frame_0026.png,1369,296.3601168736304,211.00657414170928,0.0013997395833333333,HIGH_PIXEL_COUNT(1369),FLAGGED
run_01,frame_0027.png,1198,289.9173622704507,227.95575959933223,0.0016438802083333333,HIGH_PIXEL_COUNT(1198),FLAGGED
run_01,frame_0028.png,877,291.70923603192705,236.41049030786772,0.0010970052083333333,,
run_01,frame_0029.png,708,293.5946327683616,239.6370056497175,0.0052734375,,
run_01,frame_0030.png,882,300.66780045351476,238.36054421768708,0.0047395833333333335,,
run_01,frame_0031.png,1019,296.74092247301274,246.3631010794897,0.00023111979166666666,,
run_01,frame_0032.png,1031,301.2764306498545,259.34529582929196,0.00022135416666666666,,
run_01,frame_0033.png,934,317.35867237687364,269.2259100642398,0.0001171875,,
run_01,frame_0034.png,747,332.54484605087015,258.5301204819277,0.00021484375,,
run_01,frame_0035.png,669,349.0239162929746,237.7443946188341,0.0031184895833333334,,
run_01,frame_0036.png,663,336.2564102564103,216.32277526395174,0.00275390625,,
run_01,frame_0037.png,752,316.02127659574467,212.8244680851064,0.00010416666666666667,,
run_01,frame_0038.png,720,303.6152777777778,218.175,9.114583333333334e-05,,
run_01,frame_0039.png,610,297.52131147540985,227.0639344262295,0.00011067708333333333,,
run_01,frame_0040.png,472,296.13771186440675,234.89830508474577,3.255208333333333e-05,,
run_01,frame_0041.png,464,295.4978448275862,241.06896551724137,7.486979166666666e-05,,
run_01,frame_0042.png,512,303.224609375,242.8125,0.00017903645833333332,,
run_01,frame_0043.png,588,304.13775510204084,248.8452380952381,1.6276041666666666e-05,,
run_01,frame_0044.png,597,310.2227805695142,256.8994974874372,5.208333333333334e-05,,
run_01,frame_0045.png,504,320.74801587301585,257.0595238095238,2.604166666666667e-05,,
run_01,frame_0046.png,470,333.16170212765957,250.2659574468085,9.765625e-05,,
run_01,frame_0047.png,481,340.16424116424116,233.62577962577961,6.8359375e-05,,
run_01,frame_0048.png,511,331.4579256360078,218.1996086105675,0.00072265625,,
run_01,frame_0049.png,606,316.016501650165,215.44719471947195,3.90625e-05,,
run_01,frame_0050.png,615,304.390243902439,221.10081300813007,7.486979166666666e-05,,
run_01,frame_0051.png,546,298.0824175824176,228.52747252747253,5.208333333333334e-05,,
run_01,frame_0052.png,512,290.0,234.251953125,6.8359375e-05,,
run_01,frame_0053.png,555,295.6738738738739,242.54774774774774,0.00224609375,,
run_01,frame_0054.png,649,301.96610169491527,244.64406779661016,0.0020247395833333333,,BASELINE
run_01,frame_0055.png,806,302.96774193548384,254.13647642679902,0.00016276041666666666,,
run_01,frame_0056.png,891,312.38945005611674,264.4074074074074,0.00013671875,,
run_01,frame_0057.png,790,330.23037974683547,265.8683544303797,0.00014322916666666667,,BASELINE
run_01,frame_0058.png,756,349.32804232804233,251.55026455026456,0.004365234375,,
run_01,frame_0059.png,834,355.0791366906475,224.40167865707434,6.184895833333334e-05,,
run_01,frame_0060.png,913,337.12705366922233,203.77875136911283,0.0040071614583333335,,
run_01,frame_0061.png,1030,313.3368932038835,202.89223300970875,0.000205078125,,
run_01,frame_0062.png,1021,296.3937316356513,211.42213516160626,0.00032877604166666667,,
run_01,frame_0063.png,942,287.36730360934183,223.9946921443737,0.0027571614583333333,,
run_01,frame_0064.png,867,280.5271049596309,234.62745098039215,0.004309895833333333,,BASELINE
run_01,frame_0065.png,842,291.0700712589074,245.1080760095012,0.00013020833333333333,,
run_01,frame_0066.png,901,298.9389567147614,249.56159822419534,0.003349609375,,
run_01,frame_0067.png,958,304.79436325678495,259.6983298538622,0.00029296875,,
run_01,frame_0068.png,875,319.0331428571429,267.64914285714286,0.0002799479166666667,,BASELINE
run_01,frame_0069.png,755,339.8317880794702,264.4450331125828,0.0025162760416666667,,
run_01,frame_0070.png,708,351.96045197740114,244.96751412429379,0.0021126302083333335,,
run_01,frame_0071.png,660,349.93030303030304,220.76818181818183,3.90625e-05,,
run_01,frame_0072.png,627,330.91068580542264,209.3237639553429,0.0026432291666666666,,
run_01,frame_0073.png,644,313.1164596273292,211.7639751552795,0.00011393229166666667,,
run_01,frame_0074.png,579,302.44559585492226,220.9447322970639,8.463541666666667e-05,,
run_01,frame_0075.png,514,292.2198443579766,226.7295719844358,0.0015104166666666666,,
run_01,frame_0076.png,502,292.09362549800795,238.73505976095618,1.953125e-05,,
run_01,frame_0077.png,498,298.41767068273094,247.24096385542168,1.6276041666666666e-05,,
run_01,frame_0078.png,496,305.125,252.2540322580645,0.0010221354166666666,,
run_01,frame_0079.png,526,312.6273764258555,257.6216730038023,6.510416666666667e-05,,
run_01,frame_0080.png,467,323.58458244111347,258.88436830835116,3.580729166666667e-05,,
run_01,frame_0081.png,446,336.2421524663677,253.78026905829597,0.0007649739583333333,,
run_01,frame_0082.png,450,345.50666666666666,240.34666666666666,0.0001171875,,
run_01,frame_0083.png,459,341.60566448801745,223.76470588235293,1.6276041666666666e-05,,
run_01,frame_0084.png,462,327.9047619047619,215.54329004329006,0.0008626302083333333,,
run_01,frame_0085.png,516,313.56976744186045,215.23837209302326,0.0004166666666666667,,
run_01,frame_0086.png,503,301.97813121272367,220.26640159045726,0.000390625,,
run_01,frame_0087.png,514,292.66731517509726,228.6225680933852,0.0012272135416666666,,
run_01,frame_0088.png,523,290.16061185468453,240.53919694072658,4.557291666666667e-05,,
run_01,frame_0089.png,573,296.8848167539267,249.64048865619546,2.2786458333333334e-05,,
run_01,frame_0090.png,625,304.5776,253.8464,0.0016373697916666667,,
run_01,frame_0091.png,712,312.3623595505618,262.0379213483146,0.0005501302083333334,,BASELINE
run_01,frame_0092.png,682,327.9193548387097,267.38123167155425,0.0008658854166666667,,
run_01,frame_0093.png,712,346.59550561797755,258.560393258427,0.0023697916666666667,,
run_01,frame_0094.png,780,356.71153846153845,236.7,9.765625e-06,,
run_01,frame_0095.png,776,349.4909793814433,211.9201030927835,0.0007259114583333333,,
run_01,frame_0096.png,886,325.67720090293454,202.15237020316027,0.0032454427083333333,,
run_01,frame_0097.png,953,305.0020986358867,205.99475341028332,0.0022395833333333334,,
run_01,frame_0098.png,898,290.7360801781737,216.26614699331847,0.0029524739583333334,,
run_01,frame_0099.png,889,279.21822272215974,227.33520809898764,0.003603515625,,
run_01,frame_0100.png,891,287.2985409652076,242.13468013468014,9.440104166666666e-05,,
run_01,frame_0101.png,879,299.0443686006826,245.49146757679182,7.486979166666666e-05,,
run_01,frame_0102.png,982,301.2107942973523,254.21079429735235,0.0029850260416666666,,
run_01,frame_0103.png,981,310.6829765545362,264.940876656473,0.000263671875,,
run_01,frame_0104.png,850,329.94941176470587,268.62,0.0012467447916666666,,
run_01,frame_0105.png,731,346.42270861833106,254.45280437756497,0.003291015625,,
run_01,frame_0106.png,726,353.78512396694214,230.22038567493112,2.604166666666667e-05,,
run_01,frame_0107.png,689,336.7677793904209,212.77503628447025,0.0031119791666666665,,
run_01,frame_0108.png,734,317.1307901907357,209.80381471389646,0.00011067708333333333,,
run_01,frame_0109.png,706,303.8186968838527,219.54249291784703,0.00020182291666666667,,
run_01,frame_0110.png,564,296.2429078014184,226.55141843971631,0.00014322916666666667,,
run_01,frame_0111.png,507,290.26429980276134,234.47731755424064,0.00138671875,,
run_01,frame_0112.png,491,296.9959266802444,243.03869653767822,0.0017903645833333333,,
run_01,frame_0113.png,540,302.97962962962964,245.81851851851852,9.114583333333334e-05,,
run_01,frame_0114.png,599,305.71452420701166,252.87312186978298,8.463541666666667e-05,,
run_01,frame_0115.png,604,314.41059602649005,259.88576158940396,4.8828125e-05,,
run_01,frame_0116.png,504,326.3313492063492,257.7361111111111,2.604166666666667e-05,,
run_01,frame_0117.png,460,338.2,247.37826086956522,0.0009309895833333334,,
run_01,frame_0118.png,453,339.7086092715232,229.57615894039736,6.8359375e-05,,
run_01,frame_0119.png,472,327.0720338983051,218.20550847457628,9.765625e-05,,
run_01,frame_0120.png,571,312.36602451838877,218.11733800350262,2.2786458333333334e-05,,
run_01,frame_0121.png,567,303.04232804232805,224.84303350970018,3.580729166666667e-05,,
run_01,frame_0122.png,518,297.15250965250965,230.62548262548262,2.9296875e-05,,
run_01,frame_0123.png,484,292.87396694214874,237.21487603305786,0.0015983072916666667,,
run_01,frame_0124.png,511,298.76908023483367,242.73581213307241,0.0014485677083333334,,
run_01,frame_0125.png,654,299.914373088685,247.49388379204893,0.00012369791666666668,,
run_01,frame_0126.png,814,303.04422604422604,254.8095823095823,0.000107421875,,
run_01,frame_0127.png,824,313.31796116504853,264.5157766990291,7.161458333333333e-05,,
run_01,frame_0128.png,748,330.89304812834223,264.03743315508024,8.7890625e-05,,
run_01,frame_0129.png,695,348.8431654676259,246.53237410071944,0.0030696614583333335,,
run_01,frame_0130.png,751,345.982689747004,218.47137150466045,0.000126953125,,
run_01,frame_0131.png,938,325.3603411513859,203.6417910447761,0.000390625,,
run_01,frame_0132.png,1088,303.99264705882354,209.63694852941177,0.0006282552083333333,,
run_01,frame_0133.png,1019,293.2551521099117,223.42492639842985,0.0008756510416666666,,
run_01,frame_0134.png,890,291.2314606741573,233.92359550561798,0.0005013020833333333,,
run_01,frame_0135.png,806,286.7543424317618,239.02109181141438,0.004098307291666666,,
run_01,frame_0136.png,1027,300.36027263875366,237.46738072054526,0.002376302083333333,,
run_01,frame_0137.png,1184,296.42736486486484,241.6410472972973,0.001708984375,HIGH_PIXEL_COUNT(1184),FLAGGED
run_01,frame_0138.png,1256,297.7300955414013,258.2078025477707,0.00035481770833333334,HIGH_PIXEL_COUNT(1256),FLAGGED
run_01,frame_0139.png,1134,314.27072310405646,272.85714285714283,0.000302734375,HIGH_PIXEL_COUNT(1134),FLAGGED
run_01,frame_0140.png,924,334.5400432900433,265.1060606060606,0.0002766927083333333,,
run_01,frame_0141.png,750,353.26933333333335,241.50133333333332,0.0044921875,,
run_01,frame_0142.png,794,338.816120906801,214.72544080604533,0.004098307291666666,,
run_01,frame_0143.png,906,316.77152317880797,207.70419426048565,0.00033203125,,
run_01,frame_0144.png,906,301.075055187638,218.34878587196468,0.00020833333333333335,,
run_01,frame_0145.png,737,295.4654002713704,227.76797829036636,0.00035807291666666664,,
run_01,frame_0146.png,576,295.0451388888889,235.59375,8.7890625e-05,,
run_01,frame_0147.png,470,293.4531914893617,239.94042553191488,0.00011393229166666667,,
run_01,frame_0148.png,592,301.20777027027026,240.63344594594594,0.00012369791666666668,,
run_01,frame_0149.png,691,299.90159189580316,246.68740955137483,4.8828125e-05,,
run_01,frame_0150.png,735,303.9102040816326,255.11292517006802,0.000107421875,,
run_01,frame_0151.png,672,314.2470238095238,260.0416666666667,4.8828125e-05,,
run_01,frame_0152.png,526,328.4619771863118,255.1102661596958,6.510416666666667e-06,,
run_01,frame_0153.png,447,338.8769574944072,237.51901565995524,2.9296875e-05,,
run_01,frame_0154.png,490,327.3081632653061,221.62857142857143,3.90625e-05,,
run_01,frame_0155.png,609,313.1215106732348,217.82594417077175,1.6276041666666666e-05,,
run_01,frame_0156.png,673,302.4338781575037,223.56166419019317,4.2317708333333335e-05,,
run_01,frame_0157.png,595,298.36638655462184,231.9126050420168,2.9296875e-05,,
run_01,frame_0158.png,466,296.7489270386266,236.87339055793993,9.765625e-06,,
run_01,frame_0159.png,443,298.8374717832957,239.97968397291197,8.138020833333333e-05,,
run_01,frame_0160.png,616,301.34415584415586,239.14935064935065,6.510416666666667e-06,,
run_01,frame_0161.png,776,298.07216494845363,246.19329896907217,5.859375e-05,,
run_01,frame_0162.png,845,301.210650887574,256.0615384615385,0.00019856770833333334,,
run_01,frame_0163.png,852,314.42605633802816,265.5023474178404,0.00012369791666666668,,
run_01,frame_0164.png,722,331.68005540166206,257.22576177285316,5.208333333333334e-05,,
run_01,frame_0165.png,666,343.88438438438436,231.11861861861863,0.00018880208333333333,,
run_01,frame_0166.png,902,326.4645232815964,209.25055432372505,4.557291666666667e-05,,
run_01,frame_0167.png,1140,305.83245614035087,206.06578947368422,0.00016927083333333334,HIGH_PIXEL_COUNT(1140),FLAGGED
run_01,frame_0168.png,1172,292.4240614334471,222.87798634812287,0.00064453125,HIGH_PIXEL_COUNT(1172),FLAGGED
run_01,frame_0169.png,1048,291.9856870229008,237.5448473282443,0.00016927083333333334,,BASELINE
run_01,frame_0170.png,760,294.4526315789474,241.06578947368422,9.440104166666666e-05,,
run_01,frame_0171.png,760,299.91184210526313,237.375,4.557291666666667e-05,,
run_01,frame_0172.png,1216,300.35361842105266,227.5065789473684,0.00013671875,HIGH_PIXEL_COUNT(1216),FLAGGED
run_01,frame_0173.png,1485,289.5158249158249,239.8969696969697,0.00029296875,HIGH_PIXEL_COUNT(1485),FLAGGED
run_01,frame_0174.png,1440,293.6048611111111,262.75208333333336,0.0006966145833333334,HIGH_PIXEL_COUNT(1440),FLAGGED
run_01,frame_0175.png,1250,314.3712,276.5304,0.00029296875,HIGH_PIXEL_COUNT(1250),FLAGGED
run_01,frame_0176.png,907,335.2227122381477,261.01764057331866,0.00013346354166666666,,
run_01,frame_0177.png,755,345.7337748344371,226.45165562913908,4.2317708333333335e-05,,
run_01,frame_0178.png,1000,321.402,207.471,3.90625e-05,,
run_01,frame_0179.png,1110,302.1072072072072,208.31981981981983,0.00015625,,
run_01,frame_0180.png,1021,292.796278158668,225.3545543584721,0.000185546875,,
run_01,frame_0181.png,791,293.41845764854617,236.6346396965866,0.00010091145833333333,,
run_01,frame_0182.png,511,295.293542074364,239.61448140900197,3.90625e-05,,
run_01,frame_0183.png,511,301.7573385518591,237.88062622309198,0.00010091145833333333,,
run_01,frame_0184.png,719,299.4603616133519,236.62447844228095,6.510416666666667e-06,,
run_01,frame_0185.png,830,296.67469879518075,244.53734939759036,0.00010416666666666667,,
run_01,frame_0186.png,813,300.93111931119313,256.0590405904059,4.2317708333333335e-05,,
run_01,frame_0187.png,698,312.12034383954153,259.6103151862464,0.00046875,,
run_01,frame_0188.png,487,325.3018480492813,250.2381930184805,0.0043294270833333336,,
run_01,frame_0189.png,447,328.31767337807605,228.38926174496643,0.009697265625,,
run_01,frame_0190.png,608,315.32401315789474,216.4671052631579,0.008098958333333333,,BASELINE
run_01,frame_0191.png,695,303.1338129496403,219.78561151079137,0.012369791666666666,,
run_01,frame_0192.png,679,296.92047128129605,229.64212076583212,0.020579427083333334,,
run_01,frame_0193.png,570,297.5017543859649,238.459649122807,0.008727213541666667,,
run_01,frame_0194.png,375,295.0613333333333,239.16266666666667,0.011389973958333334,,
run_01,frame_0195.png,470,302.2468085106383,237.0468085106383,0.016813151041666665,,
run_01,frame_0196.png,703,298.96443812233287,235.69132290184922,0.008636067708333334,,
run_01,frame_0197.png,870,295.0264367816092,246.50344827586207,0.017884114583333333,,
run_01,frame_0198.png,896,300.02455357142856,260.40625,0.027190755208333334,,
run_01,frame_0199.png,819,313.67643467643467,264.57875457875457,0.01521484375,,
run_01,frame_0200.png,576,329.25347222222223,249.56944444444446,0.027672526041666666,,
run_01,frame_0201.png,741,327.7354925775978,218.98920377867745,0.03878580729166667,,BASELINE
run_01,frame_0202.png,1046,309.45506692160615,205.6548757170172,0.018948567708333332,,
run_01,frame_0203.png,1240,293.1483870967742,213.1024193548387,0.027340494791666666,HIGH_PIXEL_COUNT(1240),FLAGGED
run_01,frame_0204.png,1178,287.9881154499151,234.0679117147708,0.036419270833333336,HIGH_PIXEL_COUNT(1178),FLAGGED
run_01,frame_0205.png,935,293.5850267379679,246.50802139037432,0.019856770833333332,,BASELINE
run_01,frame_0206.png,562,292.5320284697509,241.00711743772243,0.030986328125,,
run_01,frame_0207.png,928,302.6627155172414,227.3125,0.03184895833333334,,
run_01,frame_0208.png,1406,290.70981507823615,224.60668563300143,0.021438802083333333,HIGH_PIXEL_COUNT(1406),FLAGGED
run_01,frame_0209.png,1696,282.2865566037736,246.875,0.03873046875,HIGH_PIXEL_COUNT(1696),FLAGGED
run_01,frame_0210.png,1562,293.1933418693982,273.9820742637644,0.04844075520833333,HIGH_PIXEL_COUNT(1562),FLAGGED
run_01,frame_0211.png,1227,316.45232273838633,276.2991035044825,0.04431640625,HIGH_PIXEL_COUNT(1227),FLAGGED
run_01,frame_0212.png,720,336.15694444444443,246.29305555555555,0.06864908854166667,,
run_01,frame_0213.png,987,322.887537993921,209.69807497467073,0.075693359375,,
run_01,frame_0214.png,1232,302.65746753246754,202.1931818181818,0.06656901041666667,HIGH_PIXEL_COUNT(1232),FLAGGED
run_01,frame_0215.png,1208,289.6548013245033,218.6043046357616,0.084150390625,HIGH_PIXEL_COUNT(1208),FLAGGED
run_01,frame_0216.png,1041,289.3554274735831,238.1431316042267,0.09266276041666667,,
run_01,frame_0217.png,695,293.3223021582734,242.82158273381296,0.08307942708333334,,
run_01,frame_0218.png,384,291.328125,239.71614583333334,0.10513671875,OVEREXPOSED(11%),FLAGGED
run_01,frame_0219.png,670,299.90746268656716,231.82537313432834,0.10558268229166666,OVEREXPOSED(11%),FLAGGED
run_01,frame_0220.png,876,293.7716894977169,236.43150684931507,0.10306966145833334,OVEREXPOSED(10%),FLAGGED
run_01,frame_0221.png,902,293.3392461197339,249.92350332594236,0.12777018229166667,OVEREXPOSED(13%),FLAGGED
run_01,frame_0222.png,821,301.3970767356882,262.06333739342267,0.13027018229166668,OVEREXPOSED(13%),FLAGGED
run_01,frame_0223.png,600,312.52,257.905,0.13103515625,OVEREXPOSED(13%),FLAGGED
run_01,frame_0224.png,372,324.18279569892474,238.20698924731184,0.15497721354166666,OVEREXPOSED(15%),FLAGGED
run_01,frame_0225.png,597,313.715242881072,219.24455611390286,0.152490234375,OVEREXPOSED(15%),FLAGGED
run_01,frame_0226.png,723,302.7524204702628,216.77731673582295,0.151904296875,OVEREXPOSED(15%),FLAGGED
run_01,frame_0227.png,733,296.14733969986355,228.16234652114596,0.16429036458333332,OVEREXPOSED(16%),FLAGGED
run_01,frame_0228.png,649,295.2804314329738,237.57473035439136,0.162177734375,OVEREXPOSED(16%),FLAGGED
run_01,frame_0229.png,457,297.0984682713348,241.58643326039387,0.15659505208333332,OVEREXPOSED(16%),FLAGGED
run_01,frame_0230.png,309,297.7734627831715,239.0097087378641,0.169560546875,OVEREXPOSED(17%),FLAGGED
run_01,frame_0231.png,592,299.00844594594594,232.77027027027026,0.16125325520833333,OVEREXPOSED(16%),FLAGGED
run_01,frame_0232.png,815,293.7398773006135,237.39386503067485,0.16332356770833334,OVEREXPOSED(16%),FLAGGED
run_01,frame_0233.png,910,293.11208791208793,252.26923076923077,0.17971028645833334,OVEREXPOSED(18%),FLAGGED
run_01,frame_0234.png,872,300.73394495412845,264.4770642201835,0.17399088541666666,OVEREXPOSED(17%),FLAGGED
run_01,frame_0235.png,643,312.20217729393465,258.0715396578538,0.174755859375,OVEREXPOSED(17%),FLAGGED
run_01,frame_0236.png,475,321.8757894736842,231.21894736842106,0.19079752604166667,OVEREXPOSED(19%),FLAGGED
run_01,frame_0237.png,904,308.94137168141594,208.01769911504425,0.182685546875,OVEREXPOSED(18%),FLAGGED
run_01,frame_0238.png,1158,293.90673575129534,209.77115716753022,0.18048177083333333,HIGH_PIXEL_COUNT(1158);OVEREXPOSED(18%),FLAGGED
run_01,frame_0239.png,1205,286.0091286307054,227.298755186722,0.19170247395833334,HIGH_PIXEL_COUNT(1205);OVEREXPOSED(19%),FLAGGED
run_01,frame_0240.png,1070,287.9672897196262,246.36915887850466,0.18184244791666668,OVEREXPOSED(18%),FLAGGED
run_01,frame_0241.png,706,292.75070821529744,247.06232294617564,0.18243815104166666,OVEREXPOSED(18%),FLAGGED
run_01,frame_0242.png,586,298.40443686006824,233.73037542662115,0.19319986979166667,OVEREXPOSED(19%),FLAGGED
run_01,frame_0243.png,1174,292.4011925042589,218.72572402044293,0.186142578125,HIGH_PIXEL_COUNT(1174);OVEREXPOSED(19%),FLAGGED
run_01,frame_0244.png,1538,281.555266579974,230.14564369310793,0.190576171875,HIGH_PIXEL_COUNT(1538);OVEREXPOSED(19%),FLAGGED
run_01,frame_0245.png,1703,280.5478567234292,263.15854374633,0.20348958333333333,HIGH_PIXEL_COUNT(1703);OVEREXPOSED(20%),FLAGGED
run_01,frame_0246.png,1518,296.1528326745718,284.7042160737813,0.19787760416666667,HIGH_PIXEL_COUNT(1518);OVEREXPOSED(20%),FLAGGED
run_01,frame_0247.png,974,313.4404517453799,265.44969199178644,0.206015625,OVEREXPOSED(21%),FLAGGED
run_01,frame_0248.png,833,318.05402160864344,220.7623049219688,0.22222981770833333,OVEREXPOSED(22%),FLAGGED
run_01,frame_0249.png,1253,301.25937749401436,199.47246608140463,0.21709635416666667,HIGH_PIXEL_COUNT(1253);OVEREXPOSED(22%),FLAGGED
run_01,frame_0250.png,1362,287.6923641703377,210.16079295154185,0.22092447916666666,HIGH_PIXEL_COUNT(1362);OVEREXPOSED(22%),FLAGGED
run_01,frame_0251.png,1242,284.2254428341385,232.91545893719805,0.23592447916666667,HIGH_PIXEL_COUNT(1242);OVEREXPOSED(24%),FLAGGED
run_01,frame_0252.png,934,288.2184154175589,246.08886509635974,0.2303125,OVEREXPOSED(23%),FLAGGED
run_01,frame_0253.png,530,293.2830188679245,244.5433962264151,0.23626953125,OVEREXPOSED(24%),FLAGGED
run_01,frame_0254.png,521,296.3704414587332,233.6545105566219,0.24729166666666666,OVEREXPOSED(25%),FLAGGED
run_01,frame_0255.png,846,293.03309692671394,228.31914893617022,0.24396158854166666,OVEREXPOSED(24%),FLAGGED
run_01,frame_0256.png,983,289.41200406917596,239.15361139369278,0.25026041666666665,OVEREXPOSED(25%),FLAGGED
run_01,frame_0257.png,940,292.22340425531917,257.58829787234043,0.26554036458333335,OVEREXPOSED(27%),FLAGGED
run_01,frame_0258.png,747,300.2342704149933,262.5595716198126,0.2626595052083333,OVEREXPOSED(26%),FLAGGED
run_01,frame_0259.png,444,308.7837837837838,250.5653153153153,0.2723567708333333,OVEREXPOSED(27%),FLAGGED
run_01,frame_0260.png,492,309.4878048780488,225.1971544715447,0.28407877604166665,OVEREXPOSED(28%),FLAGGED
run_01,frame_0261.png,705,301.34609929078016,215.3787234042553,0.27943359375,OVEREXPOSED(28%),FLAGGED
run_01,frame_0262.png,799,294.8222778473091,221.07259073842303,0.28599609375,OVEREXPOSED(29%),FLAGGED
run_01,frame_0263.png,716,293.3756983240223,235.49581005586592,0.29314453125,OVEREXPOSED(29%),FLAGGED
run_01,frame_0264.png,558,294.8637992831541,242.23297491039426,0.2895735677083333,OVEREXPOSED(29%),FLAGGED
run_01,frame_0265.png,273,296.16483516483515,241.46886446886447,0.29466796875,OVEREXPOSED(29%),FLAGGED
run_01,frame_0266.png,432,297.712962962963,234.24537037037038,0.29736653645833333,OVEREXPOSED(30%),FLAGGED
run_01,frame_0267.png,682,294.0733137829912,231.58064516129033,0.295791015625,OVEREXPOSED(30%),FLAGGED
run_01,frame_0268.png,861,290.9082462253194,244.46457607433217,0.30576171875,OVEREXPOSED(31%),FLAGGED
run_01,frame_0269.png,863,293.26187717265356,260.49826187717264,0.3088671875,OVEREXPOSED(31%),FLAGGED
run_01,frame_0270.png,739,299.78619756427605,263.573748308525,0.3061653645833333,OVEREXPOSED(31%),FLAGGED
run_01,frame_0271.png,402,307.25373134328356,247.72885572139305,0.315390625,OVEREXPOSED(32%),FLAGGED
run_01,frame_0272.png,642,303.3348909657321,218.99532710280374,0.3171028645833333,OVEREXPOSED(32%),FLAGGED
run_01,frame_0273.png,1000,294.189,208.605,0.313681640625,OVEREXPOSED(31%),FLAGGED
run_01,frame_0274.png,1148,286.49477351916374,219.5348432055749,0.31954752604166664,HIGH_PIXEL_COUNT(1148);OVEREXPOSED(32%),FLAGGED
run_01,frame_0275.png,1087,284.9273229070837,241.11591536338545,0.32393229166666665,OVEREXPOSED(32%),FLAGGED
run_01,frame_0276.png,856,287.7511682242991,250.7768691588785,0.31763671875,OVEREXPOSED(32%),FLAGGED
run_01,frame_0277.png,367,288.71117166212537,242.13896457765668,0.32508463541666666,OVEREXPOSED(33%),FLAGGED
run_01,frame_0278.png,828,290.5144927536232,222.72705314009661,0.32712890625,OVEREXPOSED(33%),FLAGGED
run_01,frame_0279.png,1283,283.3647700701481,218.4746687451286,0.32533854166666665,HIGH_PIXEL_COUNT(1283);OVEREXPOSED(33%),FLAGGED
run_01,frame_0280.png,1525,277.97836065573773,243.1416393442623,0.33233072916666667,HIGH_PIXEL_COUNT(1525);OVEREXPOSED(33%),FLAGGED
run_01,frame_0281.png,1601,281.20237351655214,275.9131792629606,0.33661783854166666,HIGH_PIXEL_COUNT(1601);OVEREXPOSED(34%),FLAGGED
run_01,frame_0282.png,1312,292.032012195122,283.9131097560976,0.3362630208333333,HIGH_PIXEL_COUNT(1312);OVEREXPOSED(34%),FLAGGED
run_01,frame_0283.png,516,305.05232558139534,246.43798449612405,0.3440755208333333,OVEREXPOSED(34%),FLAGGED
run_01,frame_0284.png,1103,295.7352674524025,202.89755213055304,0.34936848958333333,OVEREXPOSED(35%),FLAGGED
run_01,frame_0285.png,1394,286.4167862266858,197.96341463414635,0.34896484375,HIGH_PIXEL_COUNT(1394);OVEREXPOSED(35%),FLAGGED
run_01,frame_0286.png,1368,281.30043859649123,220.80190058479533,0.3570475260416667,HIGH_PIXEL_COUNT(1368);OVEREXPOSED(36%),FLAGGED
run_01,frame_0287.png,1176,282.73809523809524,244.8767006802721,0.35986328125,HIGH_PIXEL_COUNT(1176);OVEREXPOSED(36%),FLAGGED
run_01,frame_0288.png,805,286.76770186335403,249.7527950310559,0.35883463541666666,OVEREXPOSED(36%),FLAGGED
run_01,frame_0289.png,226,286.5840707964602,240.06194690265488,0.36847330729166666,OVEREXPOSED(37%),FLAGGED
run_01,frame_0290.png,691,290.3371924746744,226.2821997105644,0.369697265625,OVEREXPOSED(37%),FLAGGED
run_01,frame_0291.png,931,287.70032223415683,227.46079484425348,0.3726985677083333,OVEREXPOSED(37%),FLAGGED
run_01,frame_0292.png,1008,287.1954365079365,245.89285714285714,0.38005859375,OVEREXPOSED(38%),FLAGGED
run_01,frame_0293.png,894,291.1353467561521,263.20805369127515,0.3841276041666667,OVEREXPOSED(38%),FLAGGED
run_01,frame_0294.png,622,296.4823151125402,260.3215434083601,0.3876139322916667,OVEREXPOSED(39%),FLAGGED
run_01,frame_0295.png,224,301.03125,238.25892857142858,0.39777994791666665,OVEREXPOSED(40%),FLAGGED
run_01,frame_0296.png,598,297.4397993311037,218.63210702341138,0.39825846354166666,OVEREXPOSED(40%),FLAGGED
run_01,frame_0297.png,777,293.64736164736166,216.83268983268982,0.3986588541666667,OVEREXPOSED(40%),FLAGGED
run_01,frame_0298.png,788,291.6497461928934,230.4302030456853,0.4064225260416667,OVEREXPOSED(41%),FLAGGED
run_01,frame_0299.png,662,292.17069486404836,240.36555891238672,0.40668294270833333,OVEREXPOSED(41%),FLAGGED
run_01,frame_0300.png,433,293.8752886836028,243.5635103926097,0.408095703125,OVEREXPOSED(41%),FLAGGED
run_01,frame_0301.png,166,293.7469879518072,238.9156626506024,0.41465169270833335,OVEREXPOSED(41%),FLAGGED
run_01,frame_0302.png,515,294.00970873786406,229.81553398058253,0.4137727864583333,OVEREXPOSED(41%),FLAGGED
run_01,frame_0303.png,740,291.4675675675676,233.00135135135136,0.41725260416666665,OVEREXPOSED(42%),FLAGGED
run_01,frame_0304.png,826,290.39467312348665,248.25544794188863,0.42481119791666666,OVEREXPOSED(42%),FLAGGED
run_01,frame_0305.png,784,291.7436224489796,261.46811224489795,0.424208984375,OVEREXPOSED(42%),FLAGGED
run_01,frame_0306.png,558,294.4283154121864,258.5125448028674,0.4229459635416667,OVEREXPOSED(42%),FLAGGED
run_01,frame_0307.png,278,296.02517985611513,234.83093525179856,0.426767578125,OVEREXPOSED(43%),FLAGGED
run_01,frame_0308.png,736,292.3709239130435,213.62092391304347,0.4247233072916667,OVEREXPOSED(42%),FLAGGED
run_01,frame_0309.png,1024,287.978515625,213.3798828125,0.42026692708333335,OVEREXPOSED(42%),FLAGGED
run_01,frame_0310.png,1080,285.0351851851852,230.10092592592594,0.41388346354166666,OVEREXPOSED(41%),FLAGGED
run_01,frame_0311.png,948,284.5822784810127,247.78586497890296,0.412626953125,OVEREXPOSED(41%),FLAGGED
run_01,frame_0312.png,637,284.5808477237049,248.05651491365776,0.4196419270833333,OVEREXPOSED(42%),FLAGGED
run_01,frame_0313.png,382,283.85602094240835,235.3089005235602,0.4256868489583333,OVEREXPOSED(43%),FLAGGED
run_01,frame_0314.png,935,282.57326203208555,217.82673796791443,0.41170572916666665,OVEREXPOSED(41%),FLAGGED
run_01,frame_0315.png,1266,279.65955766192735,225.48973143759875,0.3955891927083333,HIGH_PIXEL_COUNT(1266);OVEREXPOSED(40%),FLAGGED
run_01,frame_0316.png,1431,278.3906359189378,255.28232005590496,0.386435546875,HIGH_PIXEL_COUNT(1431);OVEREXPOSED(39%),FLAGGED
run_01,frame_0317.png,1385,279.8548736462094,281.4115523465704,0.3822884114583333,HIGH_PIXEL_COUNT(1385);OVEREXPOSED(38%),FLAGGED
run_01,frame_0318.png,950,283.84736842105264,273.5621052631579,0.388046875,OVEREXPOSED(39%),FLAGGED
run_01,frame_0319.png,689,286.267053701016,222.1901306240929,0.396103515625,OVEREXPOSED(40%),FLAGGED
run_01,frame_0320.png,1286,283.447900466563,193.9307931570762,0.38965494791666666,HIGH_PIXEL_COUNT(1286);OVEREXPOSED(39%),FLAGGED
run_01,frame_0321.png,1454,280.0130674002751,205.39339752407153,0.3855208333333333,HIGH_PIXEL_COUNT(1454);OVEREXPOSED(39%),FLAGGED
run_01,frame_0322.png,1380,279.31159420289856,233.83913043478262,0.3879036458333333,HIGH_PIXEL_COUNT(1380);OVEREXPOSED(39%),FLAGGED
run_01,frame_0323.png,1083,281.9538319482918,251.4275161588181,0.39563151041666667,OVEREXPOSED(40%),FLAGGED
run_01,frame_0324.png,574,284.8867595818815,248.10278745644598,0.4057975260416667,OVEREXPOSED(41%),FLAGGED
run_01,frame_0325.png,447,287.5257270693512,232.53691275167785,0.40918619791666666,OVEREXPOSED(41%),FLAGGED
run_01,frame_0326.png,852,287.10093896713613,222.76760563380282,0.4052734375,OVEREXPOSED(41%),FLAGGED
run_01,frame_0327.png,1015,285.607881773399,232.65418719211823,0.409384765625,OVEREXPOSED(41%),FLAGGED
run_01,frame_0328.png,1010,286.8970297029703,253.590099009901,0.4112467447916667,OVEREXPOSED(41%),FLAGGED
run_01,frame_0329.png,826,291.6150121065375,265.80629539951576,0.405478515625,OVEREXPOSED(41%),FLAGGED
run_01,frame_0330.png,506,296.9881422924901,255.0810276679842,0.40289713541666666,OVEREXPOSED(40%),FLAGGED
run_01,frame_0331.png,427,298.9344262295082,228.24121779859485,0.4056901041666667,OVEREXPOSED(41%),FLAGGED
run_01,frame_0332.png,720,295.4763888888889,214.83194444444445,0.39895833333333336,OVEREXPOSED(40%),FLAGGED
run_01,frame_0333.png,852,291.89084507042253,220.30399061032864,0.3956803385416667,OVEREXPOSED(40%),FLAGGED
run_01,frame_0334.png,797,290.9924717691342,234.7741530740276,0.3978548177083333,OVEREXPOSED(40%),FLAGGED
run_01,frame_0335.png,616,292.6136363636364,243.33766233766235,0.3874609375,OVEREXPOSED(39%),FLAGGED
run_01,frame_0336.png,340,293.7852941176471,241.85,0.384873046875,OVEREXPOSED(38%),FLAGGED
run_01,frame_0337.png,337,295.8100890207715,236.0652818991098,0.3866796875,OVEREXPOSED(39%),FLAGGED
run_01,frame_0338.png,602,293.99169435215947,231.84883720930233,0.37742513020833335,OVEREXPOSED(38%),FLAGGED
run_01,frame_0339.png,748,291.7580213903743,240.3475935828877,0.37638020833333335,OVEREXPOSED(38%),FLAGGED
run_01,frame_0340.png,803,292.16438356164383,253.25155666251555,0.3759635416666667,OVEREXPOSED(38%),FLAGGED
run_01,frame_0341.png,689,296.13933236574746,261.8708272859216,0.36844075520833336,OVEREXPOSED(37%),FLAGGED
run_01,frame_0342.png,422,301.3957345971564,250.91943127962085,0.3680696614583333,OVEREXPOSED(37%),FLAGGED
run_01,frame_0343.png,516,302.0,224.17248062015503,0.36732096354166666,OVEREXPOSED(37%),FLAGGED
run_01,frame_0344.png,839,295.3599523241955,210.68891537544695,0.3566438802083333,OVEREXPOSED(36%),FLAGGED
run_01,frame_0345.png,1041,288.72910662824205,218.23342939481267,0.35393880208333334,OVEREXPOSED(35%),FLAGGED
run_01,frame_0346.png,1023,286.208211143695,237.19257086999022,0.3549609375,OVEREXPOSED(35%),FLAGGED
run_01,frame_0347.png,834,287.9664268585132,248.24340527577937,0.3422721354166667,OVEREXPOSED(34%),FLAGGED
run_01,frame_0348.png,457,288.6695842450766,243.5776805251641,0.337666015625,OVEREXPOSED(34%),FLAGGED
run_01,frame_0349.png,635,292.096062992126,228.6488188976378,0.3387272135416667,OVEREXPOSED(34%),FLAGGED
run_01,frame_0350.png,1076,286.9618959107807,220.43866171003717,0.32676106770833335,OVEREXPOSED(33%),FLAGGED
run_01,frame_0351.png,1347,281.3140311804009,239.12546399406088,0.32716796875,HIGH_PIXEL_COUNT(1347);OVEREXPOSED(33%),FLAGGED
run_01,frame_0352.png,1421,282.93947923997183,267.1710063335679,0.32721354166666666,HIGH_PIXEL_COUNT(1421);OVEREXPOSED(33%),FLAGGED
run_01,frame_0353.png,1248,293.07852564102564,281.34935897435895,0.31590169270833335,HIGH_PIXEL_COUNT(1248);OVEREXPOSED(32%),FLAGGED
run_01,frame_0354.png,762,305.62598425196853,256.3976377952756,0.3153483072916667,OVEREXPOSED(32%),FLAGGED
run_01,frame_0355.png,1147,302.09415867480385,204.4768962510898,0.3159993489583333,HIGH_PIXEL_COUNT(1147);OVEREXPOSED(32%),FLAGGED
run_01,frame_0356.png,1560,289.5070512820513,189.32115384615383,0.304521484375,HIGH_PIXEL_COUNT(1560);OVEREXPOSED(30%),FLAGGED
run_01,frame_0357.png,1564,280.0805626598465,214.04219948849104,0.30404296875,HIGH_PIXEL_COUNT(1564);OVEREXPOSED(30%),FLAGGED
run_01,frame_0358.png,1358,280.62444771723125,242.3895434462445,0.3023177083333333,HIGH_PIXEL_COUNT(1358);OVEREXPOSED(30%),FLAGGED
run_01,frame_0359.png,990,286.4828282828283,251.81616161616162,0.29358072916666667,OVEREXPOSED(29%),FLAGGED
run_01,frame_0360.png,395,290.5240506329114,242.96708860759495,0.29353190104166665,OVEREXPOSED(29%),FLAGGED
run_01,frame_0361.png,706,293.457507082153,227.11898016997168,0.294384765625,OVEREXPOSED(29%),FLAGGED
run_01,frame_0362.png,1042,288.36660268714013,226.72264875239924,0.2849609375,OVEREXPOSED(28%),FLAGGED
run_01,frame_0363.png,1111,286.3051305130513,242.4896489648965,0.290517578125,OVEREXPOSED(29%),FLAGGED
run_01,frame_0364.png,1032,290.8246124031008,262.9360465116279,0.29008138020833335,OVEREXPOSED(29%),FLAGGED
run_01,frame_0365.png,795,300.86540880503145,265.4578616352201,0.28154947916666667,OVEREXPOSED(28%),FLAGGED
run_01,frame_0366.png,378,310.29100529100526,246.02645502645504,0.28784505208333333,OVEREXPOSED(29%),FLAGGED
run_01,frame_0367.png,625,305.9552,219.9184,0.28370768229166665,OVEREXPOSED(28%),FLAGGED
run_01,frame_0368.png,846,297.97163120567376,213.69739952718678,0.27607096354166666,OVEREXPOSED(28%),FLAGGED
run_01,frame_0369.png,888,292.19594594594594,223.38851351351352,0.27634765625,OVEREXPOSED(28%),FLAGGED
run_01,frame_0370.png,763,292.2280471821756,238.30930537352555,0.27224283854166664,OVEREXPOSED(27%),FLAGGED
run_01,frame_0371.png,527,295.157495256167,243.36053130929793,0.26515299479166665,OVEREXPOSED(27%),FLAGGED
run_01,frame_0372.png,224,295.20982142857144,239.99107142857142,0.267109375,OVEREXPOSED(27%),FLAGGED
run_01,frame_0373.png,470,298.6808510638298,233.88936170212767,0.2602669270833333,OVEREXPOSED(26%),FLAGGED
run_01,frame_0374.png,666,295.4804804804805,235.21471471471472,0.256708984375,OVEREXPOSED(26%),FLAGGED
run_01,frame_0375.png,768,293.7864583333333,246.0234375,0.26140950520833334,OVEREXPOSED(26%),FLAGGED
run_01,frame_0376.png,756,297.9616402116402,259.73280423280426,0.255615234375,OVEREXPOSED(26%),FLAGGED
run_01,frame_0377.png,582,306.5360824742268,258.6735395189003,0.24620768229166667,OVEREXPOSED(25%),FLAGGED
run_01,frame_0378.png,325,316.1569230769231,239.51384615384615,0.2512890625,OVEREXPOSED(25%),FLAGGED
run_01,frame_0379.png,681,307.7621145374449,217.58296622613804,0.24001302083333334,OVEREXPOSED(24%),FLAGGED
run_01,frame_0380.png,900,297.1611111111111,212.92444444444445,0.231181640625,OVEREXPOSED(23%),FLAGGED
run_01,frame_0381.png,1016,289.7696850393701,225.6220472440945,0.23217447916666667,OVEREXPOSED(23%),FLAGGED
run_01,frame_0382.png,917,289.62159214830973,241.39803707742638,0.2177734375,OVEREXPOSED(22%),FLAGGED
run_01,frame_0383.png,662,294.04229607250755,246.41691842900303,0.209443359375,OVEREXPOSED(21%),FLAGGED
run_01,frame_0384.png,377,294.84880636604777,238.50132625994695,0.21244466145833332,OVEREXPOSED(21%),FLAGGED
run_01,frame_0385.png,864,296.1574074074074,225.41550925925927,0.20286458333333332,OVEREXPOSED(20%),FLAGGED
run_01,frame_0386.png,1172,287.401023890785,231.23890784982936,0.19249348958333334,HIGH_PIXEL_COUNT(1172);OVEREXPOSED(19%),FLAGGED
run_01,frame_0387.png,1341,285.2468307233408,254.72035794183446,0.19842122395833334,HIGH_PIXEL_COUNT(1341);OVEREXPOSED(20%),FLAGGED
run_01,frame_0388.png,1294,294.8848531684699,275.64296754250387,0.18559895833333334,HIGH_PIXEL_COUNT(1294);OVEREXPOSED(19%),FLAGGED
run_01,frame_0389.png,1024,313.4853515625,271.0,0.17902669270833332,OVEREXPOSED(18%),FLAGGED
run_01,frame_0390.png,730,327.613698630137,229.33835616438355,0.18566080729166667,OVEREXPOSED(19%),FLAGGED
run_01,frame_0391.png,1439,309.4718554551772,193.93745656706045,0.169541015625,HIGH_PIXEL_COUNT(1439);OVEREXPOSED(17%),FLAGGED
run_01,frame_0392.png,1722,288.83159117305456,196.46864111498257,0.159580078125,HIGH_PIXEL_COUNT(1722);OVEREXPOSED(16%),FLAGGED
run_01,frame_0393.png,1594,280.58908406524466,226.5715181932246,0.16705078125,HIGH_PIXEL_COUNT(1594);OVEREXPOSED(17%),FLAGGED
run_01,frame_0394.png,1279,285.71696637998434,247.9687255668491,0.1555859375,HIGH_PIXEL_COUNT(1279);OVEREXPOSED(16%),FLAGGED
run_01,frame_0395.png,754,293.6525198938992,247.81962864721484,0.14894205729166668,OVEREXPOSED(15%),FLAGGED
run_01,frame_0396.png,544,299.02757352941177,235.40808823529412,0.15824869791666665,OVEREXPOSED(16%),FLAGGED
run_01,frame_0397.png,957,296.68129571577845,223.8746081504702,0.14611653645833333,OVEREXPOSED(15%),FLAGGED
run_01,frame_0398.png,1136,288.4850352112676,235.81161971830986,0.14320963541666668,HIGH_PIXEL_COUNT(1136);OVEREXPOSED(14%),FLAGGED
run_01,frame_0399.png,1152,289.9973958333333,254.7421875,0.15626302083333332,HIGH_PIXEL_COUNT(1152);OVEREXPOSED(16%),FLAGGED
run_01,frame_0400.png,967,301.58221302998965,266.55842812823164,0.14499348958333333,OVEREXPOSED(14%),FLAGGED
run_01,frame_0401.png,646,315.9133126934984,257.19349845201236,0.144521484375,OVEREXPOSED(14%),FLAGGED
run_01,frame_0402.png,510,322.7470588235294,228.98627450980393,0.15622395833333333,OVEREXPOSED(16%),FLAGGED
run_01,frame_0403.png,793,310.16645649432536,212.04035308953343,0.141767578125,OVEREXPOSED(14%),FLAGGED
run_01,frame_0404.png,923,297.94257854821234,216.0780065005417,0.13695638020833334,OVEREXPOSED(14%),FLAGGED
run_01,frame_0405.png,865,292.92023121387285,229.67052023121389,0.14649088541666666,OVEREXPOSED(15%),FLAGGED
run_01,frame_0406.png,680,294.7029411764706,239.73676470588236,0.12857096354166667,OVEREXPOSED(13%),FLAGGED
run_01,frame_0407.png,390,295.9051282051282,240.22051282051282,0.12502604166666667,OVEREXPOSED(13%),FLAGGED
run_01,frame_0408.png,388,301.8917525773196,237.22164948453607,0.13541341145833333,OVEREXPOSED(14%),FLAGGED
run_01,frame_0409.png,577,299.5996533795494,234.95147313691507,0.12012369791666666,OVEREXPOSED(12%),FLAGGED
run_01,frame_0410.png,689,296.8243831640058,241.8955007256894,0.12475911458333333,OVEREXPOSED(12%),FLAGGED
run_01,frame_0411.png,731,298.83720930232556,254.28043775649795,0.131923828125,OVEREXPOSED(13%),FLAGGED
run_01,frame_0412.png,650,307.6446153846154,259.66615384615386,0.1113671875,OVEREXPOSED(11%),FLAGGED
run_01,frame_0413.png,473,319.18393234672305,251.01268498942918,0.11136067708333333,OVEREXPOSED(11%),FLAGGED
run_01,frame_0414.png,500,321.962,227.564,0.114990234375,OVEREXPOSED(11%),FLAGGED
run_01,frame_0415.png,780,309.91923076923075,214.1423076923077,0.09486328125,,BASELINE
run_01,frame_0416.png,929,297.54790096878367,217.95586652314316,0.08821614583333333,,
run_01,frame_0417.png,917,291.9411123227917,230.45692475463468,0.093544921875,,
run_01,frame_0418.png,744,293.30645161290323,240.63844086021504,0.063671875,,
run_01,frame_0419.png,459,295.6078431372549,241.07843137254903,0.05987630208333333,,
run_01,frame_0420.png,635,301.5795275590551,233.8299212598425,0.06055338541666667,,
run_01,frame_0421.png,977,295.38382804503584,231.00614124872058,0.0400390625,,
run_01,frame_0422.png,1176,289.44132653061223,245.88095238095238,0.0408203125,HIGH_PIXEL_COUNT(1176),FLAGGED
run_01,frame_0423.png,1240,295.3766129032258,265.7798387096774,0.04330078125,HIGH_PIXEL_COUNT(1240),FLAGGED
run_01,frame_0424.png,1118,313.7665474060823,272.9552772808587,0.022626953125,HIGH_PIXEL_COUNT(1118),FLAGGED
run_01,frame_0425.png,781,335.94878361075547,252.73751600512165,0.024609375,,
run_01,frame_0426.png,1032,333.54554263565893,211.04360465116278,0.031067708333333333,,
run_01,frame_0427.png,1528,308.7892670157068,193.14397905759162,0.006005859375,HIGH_PIXEL_COUNT(1528),FLAGGED
run_01,frame_0428.png,1720,287.2587209302326,205.4796511627907,0.006015625,HIGH_PIXEL_COUNT(1720),FLAGGED
run_01,frame_0429.png,1475,284.59525423728815,235.75118644067797,0.003798828125,HIGH_PIXEL_COUNT(1475),FLAGGED
run_01,frame_0430.png,1047,292.92645654250236,246.66380133715379,0.0016569010416666668,,
run_01,frame_0431.png,577,292.317157712305,240.51819757365683,0.00044596354166666667,,
run_01,frame_0432.png,850,303.50823529411764,229.8835294117647,0.00043619791666666666,,BASELINE
run_01,frame_0433.png,1121,293.88046387154327,232.7234611953613,0.00037109375,HIGH_PIXEL_COUNT(1121),FLAGGED
run_01,frame_0434.png,1164,291.1254295532646,246.82560137457045,0.001376953125,HIGH_PIXEL_COUNT(1164),FLAGGED
run_01,frame_0435.png,1085,300.7511520737327,265.17880184331796,0.0010123697916666666,,
run_01,frame_0436.png,829,318.14234016887815,264.7092882991556,0.0004524739583333333,,
run_01,frame_0437.png,562,335.508896797153,244.33451957295372,0.002587890625,,
run_01,frame_0438.png,693,325.76190476190476,217.8917748917749,0.0023600260416666665,,
run_01,frame_0439.png,856,308.8785046728972,211.8586448598131,0.00087890625,,
run_01,frame_0440.png,876,297.6244292237443,222.10159817351598,0.000390625,,
run_01,frame_0441.png,734,295.04632152588556,232.94277929155314,0.00043294270833333336,,
run_01,frame_0442.png,519,296.22157996146433,238.21772639691716,1.6276041666666666e-05,,
run_01,frame_0443.png,364,294.00824175824175,239.62362637362637,7.486979166666666e-05,,
run_01,frame_0444.png,518,302.94208494208493,237.12355212355212,6.510416666666667e-06,,
run_01,frame_0445.png,633,299.48657187993683,241.45813586097947,1.6276041666666666e-05,,
run_01,frame_0446.png,695,300.6043165467626,251.33669064748202,0.0001171875,,
run_01,frame_0447.png,644,307.8198757763975,256.8664596273292,5.5338541666666664e-05,,
run_01,frame_0448.png,563,319.76021314387214,255.32682060390763,3.2552083333333335e-06,,
run_01,frame_0449.png,432,332.98148148148147,239.96296296296296,9.765625e-06,,
run_01,frame_0450.png,572,324.21853146853147,220.229020979021,6.510416666666667e-06,,
run_01,frame_0451.png,764,310.5628272251309,212.52879581151834,3.580729166666667e-05,,
run_01,frame_0452.png,835,298.47065868263473,222.1065868263473,8.138020833333333e-05,,
run_01,frame_0453.png,766,295.00391644908615,232.66579634464753,0.00017903645833333332,,BASELINE
run_01,frame_0454.png,571,296.5569176882662,239.14185639229422,1.6276041666666666e-05,,
run_01,frame_0455.png,478,295.44351464435147,239.76150627615064,0.00013020833333333333,,
run_01,frame_0456.png,711,302.1715893108298,235.028129395218,1.3020833333333334e-05,,
run_01,frame_0457.png,957,296.16614420062695,240.04493207941485,8.463541666666667e-05,,
run_01,frame_0458.png,1080,296.587962962963,255.1675925925926,0.0009114583333333333,,
run_01,frame_0459.png,1096,310.4434306569343,268.8430656934307,0.00023111979166666666,,
run_01,frame_0460.png,897,333.9799331103679,263.2865105908584,0.000126953125,,
run_01,frame_0461.png,810,352.05555555555554,231.27407407407406,7.161458333333333e-05,,
run_01,frame_0462.png,1117,330.870188003581,203.3921217547001,9.440104166666666e-05,HIGH_PIXEL_COUNT(1117),FLAGGED
run_01,frame_0463.png,1410,304.71276595744683,200.922695035461,0.00035481770833333334,HIGH_PIXEL_COUNT(1410),FLAGGED
run_01,frame_0464.png,1487,288.9596503026227,217.45595158036315,0.000751953125,HIGH_PIXEL_COUNT(1487),FLAGGED
run_01,frame_0465.png,1219,290.597210828548,238.34454470877768,0.00022786458333333334,HIGH_PIXEL_COUNT(1219),FLAGGED
run_01,frame_0466.png,795,292.1320754716981,239.64528301886793,9.765625e-05,,
run_01,frame_0467.png,719,299.9318497913769,238.1585535465925,6.184895833333334e-05,,
run_01,frame_0468.png,977,300.0317297850563,234.24257932446264,8.7890625e-05,,
run_01,frame_0469.png,1128,294.77659574468083,243.9078014184397,0.00013671875,HIGH_PIXEL_COUNT(1128),FLAGGED
run_01,frame_0470.png,1109,300.18665464382326,260.0423805229937,0.00021484375,,
run_01,frame_0471.png,953,317.3189926547744,267.16684155299055,0.00018880208333333333,,
run_01,frame_0472.png,705,336.0553191489362,255.49219858156027,9.114583333333334e-05,,
run_01,frame_0473.png,628,343.734076433121,228.05891719745222,0.00022786458333333334,,
run_01,frame_0474.png,776,325.09149484536084,212.28994845360825,0.000107421875,,
run_01,frame_0475.png,834,308.1822541966427,212.26139088729016,0.00018229166666666667,,
run_01,frame_0476.png,803,298.7808219178082,224.90286425902863,0.000185546875,,
run_01,frame_0477.png,599,297.95492487479135,234.69115191986646,8.138020833333333e-05,,
run_01,frame_0478.png,470,295.0148936170213,237.29574468085107,1.953125e-05,,
run_01,frame_0479.png,449,301.48552338530067,240.28953229398664,7.8125e-05,,
run_01,frame_0480.png,578,302.0,242.02941176470588,1.3020833333333334e-05,,
run_01,frame_0481.png,642,302.86292834890963,247.3956386292835,2.9296875e-05,,
run_01,frame_0482.png,628,308.7579617834395,255.89808917197453,3.255208333333333e-05,,
run_01,frame_0483.png,534,321.0861423220974,258.05805243445695,2.2786458333333334e-05,,
run_01,frame_0484.png,460,332.2086956521739,248.05217391304348,9.765625e-06,,
run_01,frame_0485.png,488,335.41803278688525,229.7889344262295,5.5338541666666664e-05,,BASELINE
run_01,frame_0486.png,591,323.01522842639594,217.50084602368867,9.765625e-06,,
run_01,frame_0487.png,676,309.1952662721894,216.43639053254438,4.8828125e-05,,
run_01,frame_0488.png,689,300.0580551523948,224.04499274310595,8.7890625e-05,,
run_01,frame_0489.png,579,296.30915371329877,231.8929188255613,5.208333333333334e-05,,
run_01,frame_0490.png,492,289.869918699187,236.5040650406504,5.208333333333334e-05,,
run_01,frame_0491.png,563,302.71758436944936,239.82415630550622,0.00010091145833333333,,
run_01,frame_0492.png,730,300.7150684931507,242.53561643835616,9.114583333333334e-05,,
run_01,frame_0493.png,895,300.48826815642457,252.29162011173185,5.5338541666666664e-05,,
run_01,frame_0494.png,935,309.2695187165775,263.3850267379679,7.8125e-05,,
run_01,frame_0495.png,879,329.1262798634812,266.55062571103525,0.00010416666666666667,,
run_01,frame_0496.png,753,349.46215139442234,250.53652058432934,0.00376953125,,
run_01,frame_0497.png,845,350.3076923076923,219.17396449704142,4.557291666666667e-05,,
run_01,frame_0498.png,1016,326.5718503937008,204.0728346456693,0.0007682291666666666,,
run_01,frame_0499.png,1167,304.88003427592116,205.45072836332477,0.0009765625,HIGH_PIXEL_COUNT(1167),FLAGGED
run_02,frame_0000.png,506,306.2885375494071,223.34584980237153,0.0,,
run_02,frame_0001.png,439,302.498861047836,231.23690205011388,0.0,,
run_02,frame_0002.png,348,297.3448275862069,235.17528735632183,0.0,,
run_02,frame_0003.png,336,302.9761904761905,241.05059523809524,0.0,,
run_02,frame_0004.png,370,305.4216216216216,244.04864864864865,0.0,,
run_02,frame_0005.png,424,306.9056603773585,250.68632075471697,0.0,,
run_02,frame_0006.png,425,313.26823529411763,253.32235294117646,0.0,,
run_02,frame_0007.png,358,322.27932960893855,253.25698324022346,0.0,,
run_02,frame_0008.png,306,330.30392156862746,246.4738562091503,0.0,,
run_02,frame_0009.png,305,332.01311475409835,234.71803278688526,0.0,,
run_02,frame_0010.png,332,325.6596385542169,225.0512048192771,0.0,,
run_02,frame_0011.png,379,315.63324538258576,222.73878627968338,0.0,,
run_02,frame_0012.png,382,307.9109947643979,226.33769633507853,0.0,,
run_02,frame_0013.png,345,300.6521739130435,229.0144927536232,0.0,,
run_02,frame_0014.png,345,297.19710144927535,236.2521739130435,0.0,,
run_02,frame_0015.png,374,302.52941176470586,242.451871657754,0.0,,
run_02,frame_0016.png,416,304.65625,246.64423076923077,0.0,,BASELINE
run_02,frame_0017.png,491,307.5315682281059,254.5213849287169,9.765625e-06,,
run_02,frame_0018.png,509,315.83497053045187,258.2062868369352,5.5338541666666664e-05,,
run_02,frame_0019.png,484,326.1900826446281,255.56404958677686,0.00013020833333333333,,
run_02,frame_0020.png,449,338.2783964365256,246.64587973273942,0.004039713541666667,,
run_02,frame_0021.png,485,343.3175257731959,228.76907216494845,0.001982421875,,
run_02,frame_0022.png,523,330.5697896749522,215.67495219885276,0.005380859375,,
run_02,frame_0023.png,606,314.9323432343234,213.83168316831683,0.004485677083333334,,
run_02,frame_0024.png,610,302.68688524590164,218.18032786885246,0.005556640625,,
run_02,frame_0025.png,567,294.61728395061726,226.81305114638448,0.0060416666666666665,,
run_02,frame_0026.png,578,290.0484429065744,236.3840830449827,0.0119921875,,
run_02,frame_0027.png,617,294.3841166936791,245.41653160453808,0.00043619791666666666,,
run_02,frame_0028.png,638,299.48902821316614,252.75078369905955,0.010553385416666667,,
run_02,frame_0029.png,659,307.74506828528075,256.535660091047,0.007962239583333334,,
run_02,frame_0030.png,616,318.92045454545456,261.71753246753246,0.008912760416666667,,
run_02,frame_0031.png,548,332.79744525547443,257.478102189781,0.014547526041666667,,
run_02,frame_0032.png,507,342.3431952662722,244.04536489151874,0.019029947916666668,,
run_02,frame_0033.png,478,341.38284518828453,226.8284518828452,0.000693359375,,
run_02,frame_0034.png,456,329.140350877193,216.7171052631579,0.016458333333333332,,
run_02,frame_0035.png,470,315.3914893617021,217.6191489361702,0.013177083333333334,,
run_02,frame_0036.png,416,306.3004807692308,223.45432692307693,0.011435546875,,
run_02,frame_0037.png,382,298.3743455497382,228.81675392670158,0.010862630208333333,,
run_02,frame_0038.png,374,295.1363636363636,238.1818181818182,0.00958984375,,
run_02,frame_0039.png,367,302.50408719346046,245.55858310626704,0.008297526041666666,,
run_02,frame_0040.png,376,306.9654255319149,251.09574468085106,0.0066015625,,
run_02,frame_0041.png,376,314.0026595744681,252.29255319148936,0.005166015625,,
run_02,frame_0042.png,334,322.29940119760477,255.19760479041915,0.004632161458333333,,
run_02,frame_0043.png,318,330.76100628930817,250.38050314465409,0.00515625,,
run_02,frame_0044.png,322,337.30124223602485,241.17701863354037,0.0009635416666666667,,
run_02,frame_0045.png,314,334.2643312101911,230.28980891719746,0.0016731770833333334,,
run_02,frame_0046.png,310,325.7741935483871,223.26774193548388,0.00322265625,,
run_02,frame_0047.png,339,316.0766961651917,221.47492625368733,0.0016959635416666666,,
run_02,frame_0048.png,319,306.5830721003135,224.06269592476488,0.001103515625,,
run_02,frame_0049.png,341,299.16715542521996,230.14956011730206,0.0009733072916666667,,BASELINE
run_02,frame_0050.png,345,298.64057971014495,239.64927536231883,0.0010188802083333332,,
run_02,frame_0051.png,370,302.25405405405405,246.73783783783784,0.000810546875,,
run_02,frame_0052.png,386,307.68911917098444,250.3782383419689,0.0,,
run_02,frame_0053.png,443,313.37923250564336,255.49661399548532,0.0,,
run_02,frame_0054.png,429,323.68065268065266,259.02564102564105,0.0,,
run_02,frame_0055.png,447,333.8232662192394,252.60626398210292,0.0,,
run_02,frame_0056.png,462,342.2099567099567,239.73809523809524,0.0,,
run_02,frame_0057.png,454,339.6431718061674,222.65198237885463,0.0,,BASELINE
run_02,frame_0058.png,521,324.42226487523993,215.56238003838772,0.0,,
run_02,frame_0059.png,560,310.30535714285713,217.9232142857143,0.0,,
run_02,frame_0060.png,534,299.85767790262173,222.90074906367042,0.0,,
run_02,frame_0061.png,547,290.1718464351006,229.86288848263254,0.0,,
run_02,frame_0062.png,572,290.99825174825173,241.4090909090909,0.0,,
run_02,frame_0063.png,629,298.181240063593,247.56597774244833,0.0,,
run_02,frame_0064.png,706,303.485835694051,252.06232294617564,0.0,,
run_02,frame_0065.png,723,310.98616874135547,260.9460580912863,0.0,,
run_02,frame_0066.png,633,324.54660347551345,262.27172195892575,0.0,,
run_02,frame_0067.png,563,338.76731793960926,253.5701598579041,0.0,,
run_02,frame_0068.png,529,343.2797731568998,235.83931947069942,0.0,,
run_02,frame_0069.png,501,334.9500998003992,219.6806387225549,0.0,,
run_02,frame_0070.png,537,319.0372439478585,216.6778398510242,0.0,,
run_02,frame_0071.png,503,307.79920477137176,221.75149105367794,0.0,,
run_02,frame_0072.png,439,301.12300683371296,227.69931662870158,0.0,,
run_02,frame_0073.png,393,295.70992366412213,233.9083969465649,0.0,,
run_02,frame_0074.png,361,297.7202216066482,242.15235457063713,0.0,,
run_02,frame_0075.png,400,305.05,244.7625,0.0,,
run_02,frame_0076.png,430,308.23023255813956,247.68372093023257,0.0,,
run_02,frame_0077.png,439,313.64464692482915,255.61958997722095,0.0,,
run_02,frame_0078.png,376,322.0904255319149,253.5904255319149,0.0,,
run_02,frame_0079.png,326,331.6134969325153,247.14417177914112,0.0,,
run_02,frame_0080.png,336,333.73214285714283,234.57142857142858,0.0,,
run_02,frame_0081.png,316,325.6835443037975,224.96835443037975,0.0,,
run_02,frame_0082.png,353,315.10481586402267,225.09348441926346,0.0,,
run_02,frame_0083.png,367,307.83651226158037,226.70027247956403,0.0,,
run_02,frame_0084.png,334,303.46407185628743,232.3323353293413,0.0,,
run_02,frame_0085.png,319,297.5015673981191,236.3573667711599,0.0,,
run_02,frame_0086.png,338,302.31360946745565,242.19526627218934,0.0,,
run_02,frame_0087.png,409,305.2444987775061,244.54523227383862,0.0,,
run_02,frame_0088.png,480,306.925,249.58541666666667,1.6276041666666666e-05,,
run_02,frame_0089.png,510,313.0254901960784,255.70980392156864,7.486979166666666e-05,,
run_02,frame_0090.png,460,322.8369565217391,255.1108695652174,0.00030924479166666665,,
run_02,frame_0091.png,430,333.3488372093023,246.5906976744186,0.0016471354166666668,,
run_02,frame_0092.png,444,336.8445945945946,229.1689189189189,0.0027864583333333335,,
run_02,frame_0093.png,529,323.5217391304348,218.88468809073723,0.0048046875,,
run_02,frame_0094.png,653,310.0566615620214,217.7457886676876,0.005546875,,
run_02,frame_0095.png,623,301.0112359550562,225.4927768860353,0.007786458333333334,,
run_02,frame_0096.png,535,297.2429906542056,232.86728971962617,0.008372395833333334,,
run_02,frame_0097.png,487,290.5441478439425,237.3388090349076,0.007477213541666666,,
run_02,frame_0098.png,579,303.60449050086356,239.4559585492228,0.006087239583333333,,
run_02,frame_0099.png,749,300.4939919893191,242.34045393858477,0.011608072916666667,,
run_02,frame_0100.png,886,300.32279909706546,252.0767494356659,0.013203125,,
run_02,frame_0101.png,861,310.219512195122,262.63182346109176,0.01416015625,,
run_02,frame_0102.png,703,325.71550497866286,260.70697012802276,0.01525390625,,
run_02,frame_0103.png,547,343.2449725776965,246.32723948811702,0.013199869791666667,,
run_02,frame_0104.png,540,336.43518518518516,223.97222222222223,0.017952473958333333,,
run_02,frame_0105.png,617,320.2350081037277,214.93030794165315,0.019036458333333332,,
run_02,frame_0106.png,668,306.4940119760479,220.97754491017963,0.017796223958333333,,
run_02,frame_0107.png,583,300.6861063464837,228.64493996569468,0.0175,,
run_02,frame_0108.png,429,296.7156177156177,232.9067599067599,0.014186197916666667,,
run_02,frame_0109.png,341,293.07038123167155,238.51612903225808,0.0125,,
run_02,frame_0110.png,402,304.0273631840796,240.6218905472637,0.010791015625,,
run_02,frame_0111.png,482,303.19502074688796,244.53734439834025,0.008356119791666667,,
run_02,frame_0112.png,525,305.4742857142857,250.86095238095237,0.007171223958333334,,
run_02,frame_0113.png,486,312.59670781893004,254.8991769547325,0.005764973958333333,,
run_02,frame_0114.png,398,321.6030150753769,252.16834170854273,0.004612630208333334,,
run_02,frame_0115.png,312,330.8557692307692,242.14743589743588,0.003932291666666666,,
run_02,frame_0116.png,325,325.3292307692308,228.96307692307693,0.0034733072916666666,,
run_02,frame_0117.png,395,316.1518987341772,223.4253164556962,0.0029134114583333334,,
run_02,frame_0118.png,417,308.20623501199043,226.50599520383693,0.00060546875,,
run_02,frame_0119.png,390,303.4230769230769,231.0794871794872,0.0006705729166666666,,
run_02,frame_0120.png,321,301.8348909657321,236.2429906542056,1.953125e-05,,
run_02,frame_0121.png,271,298.58671586715866,239.65682656826567,0.0,,
run_02,frame_0122.png,364,305.61538461538464,239.88736263736263,0.0,,
run_02,frame_0123.png,471,303.68577494692147,243.61783439490446,0.0,,
run_02,frame_0124.png,536,304.9309701492537,249.00746268656715,0.0,,
run_02,frame_0125.png,524,311.78053435114504,255.62213740458014,0.0,,
run_02,frame_0126.png,460,322.68260869565216,253.16086956521738,0.0,,
run_02,frame_0127.png,383,333.16187989556136,238.9686684073107,0.0,,
run_02,frame_0128.png,498,324.46385542168673,222.5321285140562,0.0,,
run_02,frame_0129.png,636,312.52201257861634,214.63836477987422,0.0,,
run_02,frame_0130.png,718,300.8718662952646,223.40529247910862,0.0,,
run_02,frame_0131.png,653,296.88820826952525,232.2771822358346,0.0,,
run_02,frame_0132.png,488,296.05737704918033,237.4795081967213,0.0,,
run_02,frame_0133.png,445,297.1370786516854,239.86966292134832,0.0,,
run_02,frame_0134.png,660,302.8575757575758,235.46666666666667,0.0,,
run_02,frame_0135.png,891,296.90909090909093,240.63524130190797,0.0,,
run_02,frame_0136.png,1007,297.1380337636544,255.14697120158888,0.0,,
run_02,frame_0137.png,928,310.01616379310343,266.3221982758621,0.0,,
run_02,frame_0138.png,670,323.8134328358209,256.8626865671642,0.0,,BASELINE
run_02,frame_0139.png,519,336.35260115606934,235.1348747591522,0.0,,
run_02,frame_0140.png,688,322.32267441860466,216.65697674418604,0.0,,
run_02,frame_0141.png,774,307.30232558139534,214.87080103359173,0.0,,
run_02,frame_0142.png,760,298.425,225.08947368421053,0.0,,
run_02,frame_0143.png,599,297.19532554257097,234.5025041736227,0.0,,
run_02,frame_0144.png,414,298.72222222222223,238.83333333333334,0.0,,
run_02,frame_0145.png,339,298.42772861356934,240.0796460176991,0.0,,
run_02,frame_0146.png,488,302.1967213114754,238.76844262295083,0.0,,
run_02,frame_0147.png,573,300.82897033158815,242.84642233856894,0.0,,
run_02,frame_0148.png,578,303.34256055363323,251.98442906574394,0.0,,
run_02,frame_0149.png,504,310.74603174603175,254.8015873015873,0.0,,
run_02,frame_0150.png,377,320.0477453580902,249.80106100795757,0.0,,
run_02,frame_0151.png,300,324.9166666666667,235.15,0.0,,
run_02,frame_0152.png,395,316.7443037974684,224.72911392405064,0.0,,
run_02,frame_0153.png,468,308.47008547008545,222.43376068376068,0.0,,
run_02,frame_0154.png,461,302.9110629067245,229.7462039045553,0.0,,
run_02,frame_0155.png,374,301.18716577540107,235.16042780748663,0.0,,
run_02,frame_0156.png,280,301.2392857142857,238.89285714285714,0.0,,
run_02,frame_0157.png,277,302.6245487364621,239.8519855595668,0.06644856770833334,,
run_02,frame_0158.png,425,303.0729411764706,239.31764705882352,0.050006510416666664,,
run_02,frame_0159.png,536,301.60820895522386,243.01492537313433,0.0584375,,
run_02,frame_0160.png,550,303.6472727272727,252.68727272727273,0.07498046875,,
run_02,frame_0161.png,496,310.5383064516129,254.9415322580645,0.05994791666666666,,
run_02,frame_0162.png,383,320.59007832898175,248.62402088772845,0.06459635416666666,,
run_02,frame_0163.png,376,323.58776595744683,229.75797872340425,0.084775390625,,
run_02,frame_0164.png,608,312.8782894736842,218.17598684210526,0.06375,,
run_02,frame_0165.png,711,301.70745428973277,219.79043600562588,0.06609049479166666,,
run_02,frame_0166.png,729,296.039780521262,231.16186556927298,0.0773046875,,
run_02,frame_0167.png,591,296.7698815566836,239.79357021996617,0.06016927083333334,,
run_02,frame_0168.png,373,296.83109919571046,240.28686327077747,0.062578125,,
run_02,frame_0169.png,489,301.90593047034764,235.87116564417178,0.07645833333333334,,
run_02,frame_0170.png,779,297.73042362002565,233.03080872913992,0.061455078125,,
run_02,frame_0171.png,951,292.50893796004203,244.5657202944269,0.07076497395833334,,BASELINE
run_02,frame_0172.png,1025,296.3970731707317,261.02048780487803,0.08147786458333334,,
run_02,frame_0173.png,882,311.15986394557825,268.24149659863946,0.07025716145833333,,
run_02,frame_0174.png,549,325.44262295081967,249.79417122040073,0.08624674479166666,,
run_02,frame_0175.png,633,321.11532385466035,221.5908372827804,0.10466471354166666,OVEREXPOSED(10%),FLAGGED
run_02,frame_0176.png,851,307.30552291421856,211.18331374853113,0.09445638020833333,,
run_02,frame_0177.png,878,296.14578587699316,220.96810933940773,0.10921223958333333,OVEREXPOSED(11%),FLAGGED
run_02,frame_0178.png,778,294.15552699228795,234.88946015424165,0.12153645833333333,OVEREXPOSED(12%),FLAGGED
run_02,frame_0179.png,538,297.457249070632,241.9739776951673,0.11146809895833333,OVEREXPOSED(11%),FLAGGED
run_02,frame_0180.png,299,296.24080267558526,239.87625418060202,0.12559895833333334,OVEREXPOSED(13%),FLAGGED
run_02,frame_0181.png,432,301.50231481481484,236.39583333333334,0.1326171875,OVEREXPOSED(13%),FLAGGED
run_02,frame_0182.png,589,298.6264855687606,237.68251273344652,0.13063151041666668,OVEREXPOSED(13%),FLAGGED
run_02,frame_0183.png,648,297.88734567901236,246.3935185185185,0.14708658854166667,OVEREXPOSED(15%),FLAGGED
run_02,frame_0184.png,603,302.7396351575456,255.23548922056384,0.15890950520833333,OVEREXPOSED(16%),FLAGGED
run_02,frame_0185.png,467,310.0877944325482,253.70877944325483,0.15736979166666668,OVEREXPOSED(16%),FLAGGED
run_02,frame_0186.png,262,319.6106870229008,243.06870229007635,0.17408203125,OVEREXPOSED(17%),FLAGGED
run_02,frame_0187.png,387,314.62532299741605,227.54263565891472,0.18284505208333332,OVEREXPOSED(18%),FLAGGED
run_02,frame_0188.png,494,307.1923076923077,222.3097165991903,0.1771875,OVEREXPOSED(18%),FLAGGED
run_02,frame_0189.png,530,301.4490566037736,228.02264150943395,0.19258463541666668,OVEREXPOSED(19%),FLAGGED
run_02,frame_0190.png,462,300.0,234.8874458874459,0.19162109375,OVEREXPOSED(19%),FLAGGED
run_02,frame_0191.png,335,301.46268656716416,239.65970149253732,0.1898828125,OVEREXPOSED(19%),FLAGGED
run_02,frame_0192.png,186,299.0483870967742,239.69354838709677,0.20077799479166666,OVEREXPOSED(20%),FLAGGED
run_02,frame_0193.png,333,302.5045045045045,237.93693693693695,0.0,,
run_02,frame_0194.png,473,300.1966173361522,239.9830866807611,0.0,,
run_02,frame_0195.png,551,299.5535390199637,246.82214156079854,0.0,,BASELINE
run_02,frame_0196.png,545,303.1284403669725,253.68440366972476,0.0,,
run_02,frame_0197.png,434,310.3847926267281,253.82027649769586,0.0,,
run_02,frame_0198.png,259,316.984555984556,239.75289575289574,0.0,,
run_02,frame_0199.png,485,310.95463917525774,223.48247422680413,0.0,,BASELINE
run_02,frame_0200.png,660,302.130303030303,218.99545454545455,0.0,,
run_02,frame_0201.png,723,295.69432918395574,228.78284923928078,0.0,,
run_02,frame_0202.png,671,294.41579731743667,238.12667660208643,0.0,,
run_02,frame_0203.png,476,295.672268907563,241.73319327731093,0.0,,
run_02,frame_0204.png,282,297.0673758865248,239.03191489361703,0.0,,
run_02,frame_0205.png,610,297.89016393442625,231.37377049180327,0.0,,BASELINE
run_02,frame_0206.png,870,292.4218390804598,234.3873563218391,0.0,,
run_02,frame_0207.png,996,290.46084337349396,250.0,0.0,,
run_02,frame_0208.png,965,296.8777202072539,265.4383419689119,0.0,,
run_02,frame_0209.png,742,307.8867924528302,262.0592991913747,0.0,,
run_02,frame_0210.png,442,318.99321266968326,233.210407239819,0.0,,
run_02,frame_0211.png,801,306.0461922596754,211.92634207240948,0.0,,
run_02,frame_0212.png,957,295.4639498432602,212.52455590386626,0.0,,
run_02,frame_0213.png,922,290.7874186550976,228.35574837310196,0.0,,
run_02,frame_0214.png,742,292.3935309973046,241.2277628032345,0.0,,
run_02,frame_0215.png,475,295.9115789473684,243.2757894736842,0.0,,
run_02,frame_0216.png,307,298.5928338762215,237.85993485342019,0.0,,
run_02,frame_0217.png,550,297.46181818181816,233.36,0.0,,
run_02,frame_0218.png,654,295.06269113149847,238.59021406727828,0.0,,
run_02,frame_0219.png,670,296.21492537313435,249.2537313432836,0.0,,
run_02,frame_0220.png,571,301.65674255691766,257.09281961471106,0.0,,
run_02,frame_0221.png,373,307.61662198391423,250.94101876675603,0.0,,
run_02,frame_0222.png,264,311.0113636363636,234.17424242424244,0.0,,
run_02,frame_0223.png,457,305.5536105032823,223.8512035010941,0.0,,
run_02,frame_0224.png,547,300.8702010968921,222.57404021937842,0.0,,BASELINE
run_02,frame_0225.png,533,298.3358348968105,232.1013133208255,0.0,,
run_02,frame_0226.png,428,298.6588785046729,238.61214953271028,0.0,,
run_02,frame_0227.png,257,299.7081712062257,240.09338521400778,0.3121061197916667,OVEREXPOSED(31%),FLAGGED
run_02,frame_0228.png,219,302.1004566210046,238.29223744292239,0.320234375,OVEREXPOSED(32%),FLAGGED
run_02,frame_0229.png,395,300.2886075949367,236.8506329113924,0.3174772135416667,OVEREXPOSED(32%),FLAGGED
run_02,frame_0230.png,512,298.513671875,241.69921875,0.320068359375,OVEREXPOSED(32%),FLAGGED
run_02,frame_0231.png,554,298.898916967509,249.442238267148,0.32939778645833334,OVEREXPOSED(33%),FLAGGED
run_02,frame_0232.png,477,302.55345911949684,255.18029350104823,0.32644856770833336,OVEREXPOSED(33%),FLAGGED
run_02,frame_0233.png,313,306.926517571885,248.86900958466452,0.33051432291666666,OVEREXPOSED(33%),FLAGGED
run_02,frame_0234.png,327,307.3394495412844,230.8012232415902,0.33929036458333334,OVEREXPOSED(34%),FLAGGED
run_02,frame_0235.png,535,301.7252336448598,221.39813084112149,0.3339453125,OVEREXPOSED(33%),FLAGGED
run_02,frame_0236.png,699,296.3733905579399,223.6695278969957,0.33514973958333333,OVEREXPOSED(34%),FLAGGED
run_02,frame_0237.png,713,293.58765778401124,233.51893408134643,0.3421712239583333,OVEREXPOSED(34%),FLAGGED
run_02,frame_0238.png,580,293.9568965517241,242.08275862068965,0.3365299479166667,OVEREXPOSED(34%),FLAGGED
run_02,frame_0239.png,332,295.05120481927713,242.09638554216866,0.3382161458333333,OVEREXPOSED(34%),FLAGGED
run_02,frame_0240.png,411,295.6350364963504,234.95863746958636,0.345,OVEREXPOSED(34%),FLAGGED
run_02,frame_0241.png,696,293.2586206896552,229.08908045977012,0.34163736979166665,OVEREXPOSED(34%),FLAGGED
run_02,frame_0242.png,888,289.6204954954955,239.6677927927928,0.3473209635416667,OVEREXPOSED(35%),FLAGGED
run_02,frame_0243.png,912,290.39144736842104,258.13486842105266,0.354033203125,OVEREXPOSED(35%),FLAGGED
run_02,frame_0244.png,816,295.0502450980392,265.33088235294116,0.35191731770833334,OVEREXPOSED(35%),FLAGGED
run_02,frame_0245.png,464,300.8556034482759,251.82327586206895,0.35620768229166666,OVEREXPOSED(36%),FLAGGED
run_02,frame_0246.png,641,299.1294851794072,220.0468018720749,0.36501953125,OVEREXPOSED(37%),FLAGGED
run_02,frame_0247.png,954,293.188679245283,209.6320754716981,0.36115234375,OVEREXPOSED(36%),FLAGGED
run_02,frame_0248.png,1019,288.82924435721293,220.41511285574092,0.3672916666666667,OVEREXPOSED(37%),FLAGGED
run_02,frame_0249.png,896,288.57700892857144,238.09709821428572,0.37313151041666665,OVEREXPOSED(37%),FLAGGED
run_02,frame_0250.png,643,291.1244167962675,244.99066874027994,0.3714095052083333,OVEREXPOSED(37%),FLAGGED
run_02,frame_0251.png,288,292.77777777777777,241.55902777777777,0.37731770833333333,OVEREXPOSED(38%),FLAGGED
run_02,frame_0252.png,441,294.70521541950114,233.26757369614512,0.382451171875,OVEREXPOSED(38%),FLAGGED
run_02,frame_0253.png,644,293.7329192546584,230.84627329192546,0.38293619791666667,OVEREXPOSED(38%),FLAGGED
run_02,frame_0254.png,708,293.01129943502826,242.32909604519773,0.3930436197916667,OVEREXPOSED(39%),FLAGGED
run_02,frame_0255.png,635,295.41574803149604,256.0425196850394,0.3962760416666667,OVEREXPOSED(40%),FLAGGED
run_02,frame_0256.png,484,299.5206611570248,256.47727272727275,0.3979720052083333,OVEREXPOSED(40%),FLAGGED
run_02,frame_0257.png,204,302.9852941176471,244.01960784313727,0.40722330729166667,OVEREXPOSED(41%),FLAGGED
run_02,frame_0258.png,392,301.3341836734694,227.34438775510205,0.41083333333333333,OVEREXPOSED(41%),FLAGGED
run_02,frame_0259.png,539,299.07050092764376,221.91280148423004,0.4104134114583333,OVEREXPOSED(41%),FLAGGED
run_02,frame_0260.png,578,297.1453287197232,229.07612456747404,0.4168391927083333,OVEREXPOSED(42%),FLAGGED
run_02,frame_0261.png,511,297.0821917808219,237.06066536203522,0.41818359375,OVEREXPOSED(42%),FLAGGED
run_02,frame_0262.png,354,297.8926553672316,240.89830508474577,0.41902994791666665,OVEREXPOSED(42%),FLAGGED
run_02,frame_0263.png,115,297.69565217391306,239.9913043478261,0.0,,
run_02,frame_0264.png,302,300.0198675496689,236.4569536423841,0.0,,
run_02,frame_0265.png,465,298.6236559139785,237.24086021505377,0.0,,
run_02,frame_0266.png,499,298.07214428857714,245.1563126252505,0.0,,
run_02,frame_0267.png,486,298.55555555555554,251.93415637860082,0.0,,
run_02,frame_0268.png,375,300.3546666666667,253.40266666666668,0.0,,
run_02,frame_0269.png,117,300.8376068376068,240.5897435897436,0.0,,
run_02,frame_0270.png,392,299.28316326530614,225.84948979591837,0.0,,
run_02,frame_0271.png,590,296.4508474576271,222.46271186440677,0.0,,
run_02,frame_0272.png,682,294.36217008797655,229.6217008797654,0.0,,
run_02,frame_0273.png,608,293.4967105263158,239.7828947368421,0.0,,
run_02,frame_0274.png,425,293.42117647058825,243.89882352941177,0.0,,
run_02,frame_0275.png,136,292.1029411764706,239.2941176470588,0.0,,
run_02,frame_0276.png,531,292.7024482109228,229.96610169491527,0.0,,
run_02,frame_0277.png,733,290.6984993178718,232.0218281036835,0.0,,
run_02,frame_0278.png,854,289.4672131147541,247.13466042154568,0.0,,
run_02,frame_0279.png,826,290.55690072639226,262.06053268765135,0.0,,
run_02,frame_0280.png,597,292.7755443886097,259.8525963149079,0.0,,
run_02,frame_0281.png,308,295.2402597402597,234.7564935064935,0.0,,
run_02,frame_0282.png,830,291.07951807228915,210.57831325301206,0.0,,
run_02,frame_0283.png,1044,287.42528735632186,212.13888888888889,0.0,,
run_02,frame_0284.png,1019,286.76251226692835,229.95387634936213,0.0,,
run_02,frame_0285.png,834,288.4736211031175,246.35851318944844,0.0,,BASELINE
run_02,frame_0286.png,484,290.3512396694215,244.5702479338843,0.0,,
run_02,frame_0287.png,280,292.225,237.525,0.0,,
run_02,frame_0288.png,571,292.94045534150615,230.02977232924692,0.0,,
run_02,frame_0289.png,723,292.15076071922545,235.268326417704,0.0,,
run_02,frame_0290.png,722,292.86842105263156,248.31717451523545,0.0,,
run_02,frame_0291.png,631,296.05071315372425,257.7860538827258,0.0,,
run_02,frame_0292.png,388,300.41237113402065,252.07731958762886,0.0,,
run_02,frame_0293.png,269,303.2156133828996,233.9442379182156,0.0,,
run_02,frame_0294.png,500,300.344,222.316,0.0,,
run_02,frame_0295.png,586,297.77815699658703,223.55631399317406,0.0,,
run_02,frame_0296.png,586,296.5392491467577,232.41808873720137,0.0,,
run_02,frame_0297.png,463,297.4816414686825,240.8488120950324,0.389248046875,OVEREXPOSED(39%),FLAGGED
run_02,frame_0298.png,286,298.26223776223776,240.6888111888112,0.3857291666666667,OVEREXPOSED(39%),FLAGGED
run_02,frame_0299.png,219,299.70319634703196,238.64383561643837,0.386240234375,OVEREXPOSED(39%),FLAGGED
run_02,frame_0300.png,374,299.8155080213904,236.08021390374333,0.38072591145833334,OVEREXPOSED(38%),FLAGGED
run_02,frame_0301.png,485,298.9319587628866,240.8556701030928,0.37986328125,OVEREXPOSED(38%),FLAGGED
run_02,frame_0302.png,496,299.1350806451613,248.9233870967742,0.3805240885416667,OVEREXPOSED(38%),FLAGGED
run_02,frame_0303.png,443,301.489841986456,252.87810383747177,0.3738020833333333,OVEREXPOSED(37%),FLAGGED
run_02,frame_0304.png,287,304.4878048780488,247.69337979094075,0.37163736979166667,OVEREXPOSED(37%),FLAGGED
run_02,frame_0305.png,283,305.87279151943466,232.32508833922262,0.3735579427083333,OVEREXPOSED(37%),FLAGGED
run_02,frame_0306.png,490,301.8938775510204,222.81224489795918,0.36208984375,OVEREXPOSED(36%),FLAGGED
run_02,frame_0307.png,623,297.6950240770465,223.25521669341893,0.35804361979166666,OVEREXPOSED(36%),FLAGGED
run_02,frame_0308.png,628,295.0589171974522,233.921974522293,0.3591080729166667,OVEREXPOSED(36%),FLAGGED
run_02,frame_0309.png,540,295.2907407407407,242.0185185185185,0.3465397135416667,OVEREXPOSED(35%),FLAGGED
run_02,frame_0310.png,330,295.1606060606061,241.24545454545455,0.34186197916666666,OVEREXPOSED(34%),FLAGGED
run_02,frame_0311.png,338,297.0118343195266,236.4112426035503,0.34290690104166666,OVEREXPOSED(34%),FLAGGED
run_02,frame_0312.png,597,295.2462311557789,231.02345058626466,0.3332747395833333,OVEREXPOSED(33%),FLAGGED
run_02,frame_0313.png,792,291.9709595959596,238.51262626262627,0.32989583333333333,OVEREXPOSED(33%),FLAGGED
run_02,frame_0314.png,823,292.52612393681653,255.01093560145807,0.3328125,OVEREXPOSED(33%),FLAGGED
run_02,frame_0315.png,748,297.846256684492,263.52807486631013,0.32235026041666665,OVEREXPOSED(32%),FLAGGED
run_02,frame_0316.png,469,304.57142857142856,252.1961620469083,0.31973958333333335,OVEREXPOSED(32%),FLAGGED
run_02,frame_0317.png,554,305.4476534296029,223.6985559566787,0.3219173177083333,OVEREXPOSED(32%),FLAGGED
run_02,frame_0318.png,968,297.08264462809916,207.97727272727272,0.307919921875,OVEREXPOSED(31%),FLAGGED
run_02,frame_0319.png,1123,288.113089937667,216.33570792520035,0.30394856770833334,HIGH_PIXEL_COUNT(1123);OVEREXPOSED(30%),FLAGGED
run_02,frame_0320.png,1025,286.9512195121951,235.41560975609755,0.30702799479166665,OVEREXPOSED(31%),FLAGGED
run_02,frame_0321.png,748,290.43716577540107,245.02005347593584,0.2953743489583333,OVEREXPOSED(30%),FLAGGED
run_02,frame_0322.png,390,292.91282051282053,242.0974358974359,0.293486328125,OVEREXPOSED(29%),FLAGGED
run_02,frame_0323.png,451,296.76053215077604,233.73614190687363,0.295703125,OVEREXPOSED(30%),FLAGGED
run_02,frame_0324.png,688,294.25726744186045,231.63662790697674,0.287421875,OVEREXPOSED(29%),FLAGGED
run_02,frame_0325.png,784,292.6045918367347,239.37117346938774,0.291337890625,OVEREXPOSED(29%),FLAGGED
run_02,frame_0326.png,754,295.62997347480103,254.85145888594164,0.29400065104166667,OVEREXPOSED(29%),FLAGGED
run_02,frame_0327.png,578,302.8062283737024,258.70934256055364,0.28582682291666667,OVEREXPOSED(29%),FLAGGED
run_02,frame_0328.png,325,309.54769230769233,246.60923076923078,0.287314453125,OVEREXPOSED(29%),FLAGGED
run_02,frame_0329.png,400,309.82,226.6925,0.290126953125,OVEREXPOSED(29%),FLAGGED
run_02,frame_0330.png,581,302.8450946643718,220.68330464716007,0.28103190104166664,OVEREXPOSED(28%),FLAGGED
run_02,frame_0331.png,624,298.07211538461536,226.50320512820514,0.280869140625,OVEREXPOSED(28%),FLAGGED
run_02,frame_0332.png,564,296.98758865248226,234.98581560283688,0.28204427083333333,OVEREXPOSED(28%),FLAGGED
run_02,frame_0333.png,405,299.2,241.4543209876543,0.0,,
run_02,frame_0334.png,187,299.93582887700535,240.28342245989305,0.0,,
run_02,frame_0335.png,312,301.42628205128204,237.59935897435898,0.0,,
run_02,frame_0336.png,438,300.2054794520548,238.7579908675799,0.0,,
run_02,frame_0337.png,482,300.3153526970954,244.2033195020747,0.0,,
run_02,frame_0338.png,486,302.60699588477365,251.5,0.0,,
run_02,frame_0339.png,390,307.27435897435896,251.63333333333333,0.0,,
run_02,frame_0340.png,222,313.9009009009009,242.95045045045046,0.0,,
run_02,frame_0341.png,397,310.9420654911839,227.56675062972292,0.0,,
run_02,frame_0342.png,531,304.52542372881356,220.97363465160075,0.0,,
run_02,frame_0343.png,622,298.564308681672,226.58681672025725,0.0,,
run_02,frame_0344.png,581,296.80034423407915,236.27710843373495,0.0,,
run_02,frame_0345.png,433,297.35103926096997,240.63972286374133,0.0,,
run_02,frame_0346.png,220,296.1181818181818,239.9181818181818,0.0,,
run_02,frame_0347.png,452,300.5641592920354,234.46017699115043,0.0,,
run_02,frame_0348.png,671,296.3070044709389,235.8703427719821,0.0,,
run_02,frame_0349.png,765,294.39607843137253,246.3124183006536,0.0,,
run_02,frame_0350.png,797,299.306148055207,260.4780426599749,0.0,,
run_02,frame_0351.png,631,308.5927099841521,259.1568938193344,0.0,,
run_02,frame_0352.png,381,319.6377952755906,240.88451443569554,0.0,,
run_02,frame_0353.png,734,311.4986376021798,216.06948228882834,0.0,,
run_02,frame_0354.png,1014,298.9930966469428,209.84714003944774,0.0,,
run_02,frame_0355.png,1115,288.9578475336323,223.24663677130044,0.0,,
run_02,frame_0356.png,938,289.7643923240938,240.6087420042644,0.0,,
run_02,frame_0357.png,631,294.20760697305866,243.41521394611726,0.0,,
run_02,frame_0358.png,347,297.5878962536023,238.85878962536023,0.0,,
run_02,frame_0359.png,624,298.62820512820514,232.34134615384616,0.0,,
run_02,frame_0360.png,785,294.73248407643314,236.04585987261146,0.0,,
run_02,frame_0361.png,829,295.1821471652593,251.00241254523522,0.0,,BASELINE
run_02,frame_0362.png,690,303.1072463768116,259.7144927536232,0.0,,
run_02,frame_0363.png,513,312.6569200779727,253.56140350877192,0.0,,
run_02,frame_0364.png,331,321.72809667673715,235.6525679758308,0.0,,
run_02,frame_0365.png,549,312.1639344262295,221.52094717668487,0.0,,
run_02,frame_0366.png,625,303.5152,220.144,0.0,,
run_02,frame_0367.png,608,298.38980263157896,227.75986842105263,0.15868489583333334,OVEREXPOSED(16%),FLAGGED
run_02,frame_0368.png,497,298.989939637827,237.98591549295776,0.14694661458333333,OVEREXPOSED(15%),FLAGGED
run_02,frame_0369.png,338,300.1834319526627,239.79289940828403,0.138623046875,OVEREXPOSED(14%),FLAGGED
run_02,frame_0370.png,249,301.8714859437751,239.43373493975903,0.14878255208333332,OVEREXPOSED(15%),FLAGGED
run_02,frame_0371.png,389,301.6606683804627,239.32390745501286,0.138291015625,OVEREXPOSED(14%),FLAGGED
run_02,frame_0372.png,472,301.5148305084746,241.9385593220339,0.1360546875,OVEREXPOSED(14%),FLAGGED
run_02,frame_0373.png,479,303.41127348643005,250.42588726513569,0.1501953125,OVEREXPOSED(15%),FLAGGED
run_02,frame_0374.png,427,309.3911007025761,253.44262295081967,0.13749674479166665,OVEREXPOSED(14%),FLAGGED
run_02,frame_0375.png,328,316.4359756097561,248.8018292682927,0.13457682291666667,OVEREXPOSED(13%),FLAGGED
run_02,frame_0376.png,271,321.8081180811808,234.02214022140222,0.14292317708333332,OVEREXPOSED(14%),FLAGGED
run_02,frame_0377.png,449,313.34298440979956,224.00890868596883,0.12018229166666666,OVEREXPOSED(12%),FLAGGED
run_02,frame_0378.png,546,304.74542124542126,224.15384615384616,0.11251953125,OVEREXPOSED(11%),FLAGGED
run_02,frame_0379.png,575,299.64,229.4295652173913,0.11720703125,OVEREXPOSED(12%),FLAGGED
run_02,frame_0380.png,489,299.76482617586913,238.73824130879345,0.09779947916666666,,
run_02,frame_0381.png,343,298.0816326530612,239.1545189504373,0.084267578125,,
run_02,frame_0382.png,339,302.17699115044246,238.75811209439527,0.09183919270833334,,
run_02,frame_0383.png,543,300.03314917127074,238.19337016574585,0.067421875,,
run_02,frame_0384.png,693,297.8600288600289,243.46176046176046,0.06771809895833333,,
run_02,frame_0385.png,718,300.55710306406684,255.3481894150418,0.07435221354166667,,
run_02,frame_0386.png,665,309.7293233082707,258.96992481203006,0.048352864583333335,,
run_02,frame_0387.png,483,322.7391304347826,250.55486542443063,0.04649739583333334,,
run_02,frame_0388.png,523,324.69598470363286,227.33652007648183,0.05689127604166667,,
run_02,frame_0389.png,796,313.0113065326633,212.1319095477387,0.031953125,,
run_02,frame_0390.png,954,298.6551362683438,216.2012578616352,0.022288411458333334,,
run_02,frame_0391.png,982,291.4663951120163,228.29735234215886,0.025315755208333332,,
run_02,frame_0392.png,833,293.57262905162065,240.54381752701082,0.0062044270833333335,,
run_02,frame_0393.png,470,296.15106382978723,240.67234042553193,0.004938151041666667,,
run_02,frame_0394.png,532,300.96804511278197,236.80263157894737,0.005849609375,,
run_02,frame_0395.png,744,299.3279569892473,234.55913978494624,0.0028385416666666667,,
run_02,frame_0396.png,812,296.3645320197044,244.82512315270935,0.007975260416666666,,BASELINE
run_02,frame_0397.png,772,302.50518134715026,259.9300518134715,0.009303385416666667,,
run_02,frame_0398.png,629,313.368839427663,258.4610492845787,0.005950520833333334,,
run_02,frame_0399.png,419,325.90930787589497,247.45107398568018,0.011097005208333333,,
run_02,frame_0400.png,446,324.9170403587444,227.55829596412556,0.01373046875,,
run_02,frame_0401.png,578,313.63148788927333,218.39446366782008,0.007096354166666667,,
run_02,frame_0402.png,605,303.8909090909091,221.3603305785124,0.007926432291666667,,BASELINE
run_02,frame_0403.png,563,299.68028419182946,230.9644760213144,0.0,,
run_02,frame_0404.png,412,299.1019417475728,236.0364077669903,0.0,,
run_02,frame_0405.png,277,298.3537906137184,239.028880866426,0.0,,
run_02,frame_0406.png,332,303.68373493975906,239.6987951807229,0.0,,
run_02,frame_0407.png,445,302.9303370786517,241.95505617977528,0.0,,
run_02,frame_0408.png,475,304.26736842105265,245.22526315789474,0.0,,
run_02,frame_0409.png,444,309.68243243243245,253.56756756756758,0.0,,
run_02,frame_0410.png,367,317.3841961852861,251.53133514986376,0.0,,
run_02,frame_0411.png,278,325.4496402877698,242.7158273381295,0.0,,
run_02,frame_0412.png,345,321.6434782608696,229.71304347826086,0.0,,
run_02,frame_0413.png,451,313.9379157427938,222.60532150776052,0.0,,
run_02,frame_0414.png,501,305.5289421157685,225.00199600798402,0.0,,
run_02,frame_0415.png,469,301.2132196162047,231.72068230277185,0.0,,
run_02,frame_0416.png,388,300.7242268041237,237.20876288659792,0.0,,
run_02,frame_0417.png,300,297.2733333333333,239.59,0.0,,
run_02,frame_0418.png,407,303.25307125307125,239.8132678132678,0.0,,
run_02,frame_0419.png,562,301.83451957295375,242.30249110320284,0.0,,
run_02,frame_0420.png,652,302.55674846625766,250.3680981595092,0.0,,
run_02,frame_0421.png,639,310.2284820031299,257.3787167449139,0.0,,
run_02,frame_0422.png,547,323.7787934186472,255.81535648994515,0.0,,
run_02,frame_0423.png,480,336.4458333333333,238.6875,0.0,,
run_02,frame_0424.png,599,327.16861435726213,218.91652754590984,0.0,,
run_02,frame_0425.png,788,311.8515228426396,212.01015228426397,0.0,,
run_02,frame_0426.png,849,299.2308598351001,220.43227326266197,0.0,,
run_02,frame_0427.png,763,295.2844036697248,232.32372214941023,0.0,,
run_02,frame_0428.png,592,292.3631756756757,236.2652027027027,0.0,,
run_02,frame_0429.png,520,294.9442307692308,240.025,0.0,,
run_02,frame_0430.png,651,301.78187403993854,237.8863287250384,0.0,,
run_02,frame_0431.png,775,299.08774193548385,244.04774193548388,0.0,,
run_02,frame_0432.png,796,302.68341708542715,254.8429648241206,0.0,,
run_02,frame_0433.png,688,315.88953488372096,262.07267441860466,0.0,,BASELINE
run_02,frame_0434.png,533,327.7954971857411,252.64352720450282,0.0,,
run_02,frame_0435.png,439,337.0592255125285,234.5968109339408,0.0,,
run_02,frame_0436.png,509,325.8271119842829,219.79371316306484,0.0,,
run_02,frame_0437.png,580,311.9844827586207,218.77586206896552,6.510416666666667e-06,,
run_02,frame_0438.png,546,303.4029304029304,224.8131868131868,7.486979166666666e-05,,
run_02,frame_0439.png,427,300.7096018735363,232.40983606557376,0.0006412760416666666,,
run_02,frame_0440.png,350,296.54571428571427,235.89142857142858,0.0009147135416666666,,
run_02,frame_0441.png,328,302.4817073170732,240.6768292682927,0.002060546875,,
run_02,frame_0442.png,393,304.76335877862596,242.3562340966921,0.0019856770833333332,,
run_02,frame_0443.png,445,305.5910112359551,247.75056179775282,0.0024251302083333334,,
run_02,frame_0444.png,448,310.61160714285717,253.06026785714286,0.002880859375,,
run_02,frame_0445.png,380,318.2657894736842,252.6236842105263,0.0038053385416666665,,
run_02,frame_0446.png,318,327.42452830188677,247.16981132075472,0.005006510416666667,,
run_02,frame_0447.png,304,332.0986842105263,234.41776315789474,0.006119791666666667,,
run_02,frame_0448.png,360,322.3888888888889,225.88333333333333,0.007080078125,,
run_02,frame_0449.png,423,314.096926713948,221.25531914893617,0.009781901041666667,,
run_02,frame_0450.png,430,306.24651162790695,227.23488372093024,0.010895182291666666,,
run_02,frame_0451.png,376,301.0425531914894,230.81382978723406,0.011487630208333334,,
run_02,frame_0452.png,342,298.57894736842104,236.6812865497076,0.012027994791666666,,
run_02,frame_0453.png,337,301.4747774480712,241.58753709198814,0.013245442708333333,,
run_02,frame_0454.png,444,303.536036036036,244.43693693693695,0.013053385416666667,,
run_02,frame_0455.png,538,305.34200743494426,249.3345724907063,0.013883463541666667,,
run_02,frame_0456.png,566,311.1183745583039,255.3321554770318,0.012854817708333334,,
run_02,frame_0457.png,516,322.15503875968994,256.7325581395349,0.011692708333333333,,
run_02,frame_0458.png,462,335.5779220779221,248.17316017316017,0.010524088541666667,,
run_02,frame_0459.png,495,340.050505050505,229.23030303030302,0.008873697916666666,,
run_02,frame_0460.png,567,327.66490299823636,214.91710758377425,0.010188802083333334,,
run_02,frame_0461.png,670,311.8716417910448,213.12537313432836,0.010065104166666667,,
run_02,frame_0462.png,679,301.07069219440353,222.71428571428572,0.010009765625,,
run_02,frame_0463.png,613,297.1615008156607,231.99021207177813,0.008388671875,,
run_02,frame_0464.png,564,289.66312056737587,236.60638297872342,0.012421875,,
run_02,frame_0465.png,628,299.05732484076435,241.8296178343949,0.012623697916666666,,
run_02,frame_0466.png,702,301.8247863247863,244.491452991453,0.004850260416666667,,
run_02,frame_0467.png,755,304.19602649006623,254.7748344370861,0.0036653645833333334,,
run_02,frame_0468.png,710,314.3887323943662,261.0746478873239,0.002447916666666667,,
run_02,frame_0469.png,589,329.00169779286927,258.4516129032258,0.00126953125,,
run_02,frame_0470.png,509,340.74066797642433,244.85461689587427,0.003798828125,,
run_02,frame_0471.png,476,340.5042016806723,225.57142857142858,0.0022395833333333334,,
run_02,frame_0472.png,501,325.3532934131737,216.47305389221557,8.463541666666667e-05,,
run_02,frame_0473.png,528,311.969696969697,219.2556818181818,0.0,,
run_02,frame_0474.png,445,304.87640449438203,227.0067415730337,0.0,,
run_02,frame_0475.png,384,298.9791666666667,231.203125,0.0,,
run_02,frame_0476.png,362,297.8756906077348,238.79005524861878,0.0,,
run_02,frame_0477.png,354,302.0282485875706,244.55084745762713,0.0,,
run_02,frame_0478.png,391,307.27877237851663,246.7391304347826,0.0,,
run_02,frame_0479.png,408,311.1348039215686,253.00735294117646,0.0,,
run_02,frame_0480.png,381,318.6902887139108,253.5748031496063,0.0,,
run_02,frame_0481.png,321,328.5700934579439,251.02492211838006,0.0,,
run_02,frame_0482.png,325,335.32615384615383,240.85846153846154,0.0,,
run_02,frame_0483.png,298,332.4697986577181,229.08389261744966,0.0,,
run_02,frame_0484.png,312,322.31410256410254,223.80769230769232,0.0,,
run_02,frame_0485.png,356,313.37640449438203,222.1376404494382,0.0,,
run_02,frame_0486.png,322,305.33850931677017,225.72049689440993,0.0,,
run_02,frame_0487.png,324,299.83024691358025,232.37345679012347,0.0,,
run_02,frame_0488.png,338,299.70118343195264,240.34319526627218,0.0,,
run_02,frame_0489.png,362,303.81491712707185,245.88121546961327,0.0,,
run_02,frame_0490.png,406,307.14039408866995,251.48768472906403,0.0,,
run_02,frame_0491.png,466,313.6931330472103,254.89914163090128,0.0,,
run_02,frame_0492.png,428,324.29672897196264,258.2873831775701,0.0,,
run_02,frame_0493.png,428,337.1658878504673,252.58644859813083,0.0,,
run_02,frame_0494.png,472,343.46398305084745,237.70974576271186,0.0,,
run_02,frame_0495.png,462,336.70346320346323,222.71861471861473,0.0,,
run_02,frame_0496.png,526,324.17110266159693,213.99809885931558,0.0,,
run_02,frame_0497.png,540,310.4851851851852,217.21481481481482,0.0,,
run_02,frame_0498.png,521,299.7965451055662,221.85412667946258,0.0,,
run_02,frame_0499.png,558,293.42293906810033,231.2437275985663,0.0,,
run_03,frame_0000.png,271,301.8044280442804,237.78966789667896,0.0,,
run_03,frame_0001.png,279,304.52329749103944,244.3548387096774,0.0,,
run_03,frame_0002.png,261,309.823754789272,247.6168582375479,0.0,,
run_03,frame_0003.png,274,314.521897810219,250.8065693430657,0.0,,
run_03,frame_0004.png,245,320.9755102040816,251.65714285714284,0.0,,
run_03,frame_0005.png,229,326.2707423580786,247.63318777292577,0.0,,
run_03,frame_0006.png,246,330.3658536585366,241.85365853658536,0.0,,
run_03,frame_0007.png,218,330.3532110091743,233.94954128440367,0.0,,
run_03,frame_0008.png,216,325.35185185185185,227.6851851851852,0.0,,
run_03,frame_0009.png,219,317.49771689497715,227.70776255707761,0.0,,
run_03,frame_0010.png,219,311.4931506849315,229.64840182648402,0.0,,
run_03,frame_0011.png,216,307.0416666666667,233.60185185185185,0.0,,
run_03,frame_0012.png,229,305.4410480349345,239.0873362445415,0.0,,
run_03,frame_0013.png,231,306.3722943722944,244.6060606060606,0.0,,
run_03,frame_0014.png,250,310.008,247.828,0.0,,
run_03,frame_0015.png,294,314.4353741496599,250.77551020408163,0.0,,
run_03,frame_0016.png,284,321.07394366197184,252.8661971830986,0.0,,
run_03,frame_0017.png,276,326.713768115942,248.15217391304347,0.0,,
run_03,frame_0018.png,292,332.2739726027397,240.9931506849315,0.0,,
run_03,frame_0019.png,306,332.8921568627451,229.83333333333334,0.0,,
run_03,frame_0020.png,316,323.3512658227848,224.1867088607595,0.0,,
run_03,frame_0021.png,350,314.12857142857143,222.47714285714287,0.0,,
run_03,frame_0022.png,339,306.3687315634218,227.02064896755164,0.0,,BASELINE
run_03,frame_0023.png,344,299.32267441860466,231.57558139534885,0.0,,
run_03,frame_0024.png,321,294.7819314641745,239.77881619937693,6.510416666666667e-06,,
run_03,frame_0025.png,396,302.47474747474746,245.59848484848484,0.000185546875,,
run_03,frame_0026.png,449,305.76837416481067,250.5011135857461,2.2786458333333334e-05,,
run_03,frame_0027.png,531,311.64406779661016,256.984934086629,1.6276041666666666e-05,,
run_03,frame_0028.png,448,320.7857142857143,256.14955357142856,1.6276041666666666e-05,,
run_03,frame_0029.png,403,331.46153846153845,250.9727047146402,2.2786458333333334e-05,,BASELINE
run_03,frame_0030.png,393,337.5419847328244,238.51399491094148,3.90625e-05,,
run_03,frame_0031.png,343,331.75801749271136,225.87463556851313,0.0,,
run_03,frame_0032.png,372,320.0430107526882,222.1048387096774,0.0,,
run_03,frame_0033.png,372,311.01612903225805,225.4784946236559,0.0,,
run_03,frame_0034.png,318,305.55345911949684,229.70754716981133,0.0,,
run_03,frame_0035.png,281,301.5373665480427,234.62633451957296,0.0,,
run_03,frame_0036.png,271,302.81180811808116,240.8929889298893,0.0,,
run_03,frame_0037.png,287,307.45993031358887,243.73867595818814,0.0,,BASELINE
run_03,frame_0038.png,305,309.0622950819672,248.36065573770492,0.0,,
run_03,frame_0039.png,315,313.74285714285713,250.1873015873016,0.0,,
run_03,frame_0040.png,284,319.9542253521127,250.38028169014083,0.0,,
run_03,frame_0041.png,248,326.5403225806452,246.1491935483871,0.0,,
run_03,frame_0042.png,230,330.1913043478261,237.33913043478262,0.0,,
run_03,frame_0043.png,237,324.8270042194093,229.48101265822785,0.0,,
run_03,frame_0044.png,249,316.7429718875502,229.2690763052209,0.0,,
run_03,frame_0045.png,243,311.559670781893,229.49794238683128,0.0,,
run_03,frame_0046.png,213,308.63849765258215,234.3755868544601,0.0,,
run_03,frame_0047.png,208,304.24038461538464,236.63942307692307,0.0,,
run_03,frame_0048.png,225,305.88444444444445,241.2888888888889,0.0,,
run_03,frame_0049.png,247,307.0485829959514,244.66396761133603,0.0,,
run_03,frame_0050.png,303,309.2145214521452,248.47524752475246,0.0,,
run_03,frame_0051.png,323,313.42105263157896,250.31578947368422,0.0,,
run_03,frame_0052.png,299,320.18060200668896,251.26755852842808,0.0,,
run_03,frame_0053.png,280,326.76785714285717,245.55714285714285,0.0,,
run_03,frame_0054.png,284,330.52464788732397,234.59154929577466,0.0,,
run_03,frame_0055.png,324,322.2253086419753,226.49382716049382,0.0,,
run_03,frame_0056.png,394,313.52030456852793,224.5253807106599,0.0,,
run_03,frame_0057.png,395,306.30886075949365,227.3721518987342,0.0,,
run_03,frame_0058.png,362,302.0,232.54419889502762,0.0,,
run_03,frame_0059.png,315,298.6031746031746,237.23492063492063,0.0,,
run_03,frame_0060.png,351,301.72934472934475,241.92877492877494,0.0,,
run_03,frame_0061.png,448,303.46651785714283,244.60267857142858,0.0,,
run_03,frame_0062.png,564,304.87943262411346,249.74468085106383,3.2552083333333335e-06,,
run_03,frame_0063.png,597,311.14405360134003,257.34003350083754,1.3020833333333334e-05,,
run_03,frame_0064.png,502,321.8187250996016,255.66733067729083,2.2786458333333334e-05,,
run_03,frame_0065.png,374,331.6844919786096,245.48395721925132,9.765625e-06,,
run_03,frame_0066.png,379,330.4986807387863,229.99736147757255,1.953125e-05,,
run_03,frame_0067.png,437,319.7940503432494,222.3020594965675,0.0,,
run_03,frame_0068.png,468,309.6688034188034,224.02350427350427,0.0,,BASELINE
run_03,frame_0069.png,413,304.4334140435835,229.57384987893462,0.0,,
run_03,frame_0070.png,311,302.0225080385852,234.56913183279744,0.0,,
run_03,frame_0071.png,255,299.6392156862745,238.58039215686276,0.0,,
run_03,frame_0072.png,288,305.3576388888889,241.35763888888889,0.0,,
run_03,frame_0073.png,346,306.0895953757225,243.96531791907515,0.0,,
run_03,frame_0074.png,371,308.188679245283,249.12398921832883,0.0,,
run_03,frame_0075.png,333,313.1591591591592,250.19219219219218,0.0,,
run_03,frame_0076.png,291,320.573883161512,249.31615120274915,0.0,,
run_03,frame_0077.png,229,326.73362445414847,241.58078602620088,0.0,,
run_03,frame_0078.png,242,322.37603305785126,232.61157024793388,0.0,,
run_03,frame_0079.png,272,316.4889705882353,227.5735294117647,1.6276041666666666e-05,,
run_03,frame_0080.png,306,310.44444444444446,230.18627450980392,2.604166666666667e-05,,
run_03,frame_0081.png,259,307.6949806949807,234.3011583011583,0.0022819010416666665,,
run_03,frame_0082.png,211,306.26066350710903,237.1563981042654,0.0009895833333333334,,
run_03,frame_0083.png,170,301.8588235294118,239.76470588235293,0.00020833333333333335,,
run_03,frame_0084.png,243,305.9423868312757,242.35390946502056,0.000615234375,,
run_03,frame_0085.png,311,306.1382636655949,246.52733118971062,0.0006184895833333333,,
run_03,frame_0086.png,327,308.98776758409787,248.70336391437309,0.0,,
run_03,frame_0087.png,341,314.1290322580645,251.75366568914956,0.0011555989583333333,,
run_03,frame_0088.png,273,320.1831501831502,248.15018315018315,0.0028255208333333335,,
run_03,frame_0089.png,247,327.35222672064776,238.61133603238866,0.0010546875,,
run_03,frame_0090.png,317,319.45425867507885,229.70662460567823,0.0026041666666666665,,
run_03,frame_0091.png,395,313.24303797468355,223.3746835443038,0.0003157552083333333,,
run_03,frame_0092.png,427,305.7025761124122,228.29976580796253,0.0,,
run_03,frame_0093.png,402,302.09203980099505,233.03980099502488,0.0003385416666666667,,
run_03,frame_0094.png,314,300.1210191082803,236.96178343949043,0.0,,
run_03,frame_0095.png,282,302.38652482269504,240.0,3.2552083333333335e-06,,
run_03,frame_0096.png,394,303.02030456852793,240.48223350253807,0.0,,
run_03,frame_0097.png,542,302.02952029520293,243.30442804428046,3.2552083333333335e-06,,
run_03,frame_0098.png,618,303.57605177993526,252.13430420711975,6.510416666666667e-06,,
run_03,frame_0099.png,594,311.32996632996634,257.2070707070707,1.6276041666666666e-05,,
run_03,frame_0100.png,471,321.76220806794055,252.1316348195329,3.2552083333333335e-06,,
run_03,frame_0101.png,366,330.8661202185792,235.37158469945356,3.255208333333333e-05,,
run_03,frame_0102.png,453,319.96026490066225,222.19426048565123,0.0030110677083333335,,
run_03,frame_0103.png,531,308.50094161958566,221.71374764595103,0.0035872395833333333,,
run_03,frame_0104.png,527,302.1024667931689,225.98861480075902,0.006442057291666667,,
run_03,frame_0105.png,408,300.2549019607843,233.64950980392157,0.010706380208333333,,
run_03,frame_0106.png,295,299.7389830508475,237.49830508474577,0.011263020833333333,,
run_03,frame_0107.png,254,301.96062992125985,240.32677165354332,0.028883463541666668,,
run_03,frame_0108.png,353,304.1699716713881,240.71388101983004,0.022298177083333332,,BASELINE
run_03,frame_0109.png,405,304.5506172839506,243.10123456790123,0.030628255208333333,,
run_03,frame_0110.png,411,306.86131386861314,249.7396593673966,0.0596875,,
run_03,frame_0111.png,352,312.375,250.8721590909091,0.05287434895833333,,BASELINE
run_03,frame_0112.png,247,318.6113360323887,246.20647773279353,0.064375,,
run_03,frame_0113.png,221,322.6561085972851,235.18552036199094,0.093828125,,
run_03,frame_0114.png,306,315.07516339869284,229.18954248366012,0.082158203125,,
run_03,frame_0115.png,337,309.7091988130564,227.9020771513353,0.08922200520833333,,
run_03,frame_0116.png,325,306.07384615384615,232.29846153846154,0.10915364583333333,OVEREXPOSED(11%),FLAGGED
run_03,frame_0117.png,252,305.5,236.92460317460316,0.09827473958333334,,
run_03,frame_0118.png,172,303.7906976744186,238.40697674418604,0.10627278645833334,OVEREXPOSED(11%),FLAGGED
run_03,frame_0119.png,185,307.25945945945944,239.82702702702701,0.11686848958333333,OVEREXPOSED(12%),FLAGGED
run_03,frame_0120.png,278,305.841726618705,241.81294964028777,0.1049609375,OVEREXPOSED(10%),FLAGGED
run_03,frame_0121.png,361,305.8005540166205,245.40720221606648,0.11646158854166666,OVEREXPOSED(12%),FLAGGED
run_03,frame_0122.png,343,308.2390670553936,250.05539358600583,0.12153645833333333,OVEREXPOSED(12%),FLAGGED
run_03,frame_0123.png,307,312.7231270358306,249.89576547231272,0.11212565104166666,OVEREXPOSED(11%),FLAGGED
run_03,frame_0124.png,230,319.2086956521739,244.96521739130435,0.118896484375,OVEREXPOSED(12%),FLAGGED
run_03,frame_0125.png,253,319.501976284585,232.8695652173913,0.13192057291666667,OVEREXPOSED(13%),FLAGGED
run_03,frame_0126.png,377,313.41909814323606,225.11671087533156,0.115302734375,OVEREXPOSED(12%),FLAGGED
run_03,frame_0127.png,438,306.00228310502285,226.1917808219178,0.114208984375,OVEREXPOSED(11%),FLAGGED
run_03,frame_0128.png,445,301.73932584269664,231.15280898876404,0.122880859375,OVEREXPOSED(12%),FLAGGED
run_03,frame_0129.png,385,300.74285714285713,236.86233766233767,0.10672200520833333,OVEREXPOSED(11%),FLAGGED
run_03,frame_0130.png,228,299.719298245614,239.28947368421052,0.112255859375,OVEREXPOSED(11%),FLAGGED
run_03,frame_0131.png,314,303.63375796178343,238.46496815286625,0.11599283854166667,OVEREXPOSED(12%),FLAGGED
run_03,frame_0132.png,470,301.0468085106383,239.65744680851063,0.10623372395833333,OVEREXPOSED(11%),FLAGGED
run_03,frame_0133.png,587,299.9574105621806,243.28960817717206,0.120146484375,OVEREXPOSED(12%),FLAGGED
run_03,frame_0134.png,600,303.19666666666666,254.84833333333333,0.125048828125,OVEREXPOSED(13%),FLAGGED
run_03,frame_0135.png,530,312.0641509433962,257.53018867924527,0.11267252604166667,OVEREXPOSED(11%),FLAGGED
run_03,frame_0136.png,345,320.66376811594205,245.59420289855072,0.12340494791666666,OVEREXPOSED(12%),FLAGGED
run_03,frame_0137.png,450,317.81333333333333,226.2,0.13130208333333335,OVEREXPOSED(13%),FLAGGED
run_03,frame_0138.png,582,308.2938144329897,218.94158075601374,0.12548177083333334,OVEREXPOSED(13%),FLAGGED
run_03,frame_0139.png,617,300.5899513776337,224.58184764991896,0.14052083333333334,OVEREXPOSED(14%),FLAGGED
run_03,frame_0140.png,540,298.64074074074074,234.01296296296297,0.14531575520833334,OVEREXPOSED(15%),FLAGGED
run_03,frame_0141.png,396,299.3459595959596,238.45959595959596,0.14289713541666665,OVEREXPOSED(14%),FLAGGED
run_03,frame_0142.png,217,299.95391705069125,239.7188940092166,0.15807291666666667,OVEREXPOSED(16%),FLAGGED
run_03,frame_0143.png,332,302.40060240963857,239.22289156626505,0.16187174479166666,OVEREXPOSED(16%),FLAGGED
run_03,frame_0144.png,414,302.4710144927536,239.06280193236714,0.16481119791666668,OVEREXPOSED(16%),FLAGGED
run_03,frame_0145.png,464,302.39870689655174,246.50215517241378,0.18356770833333333,OVEREXPOSED(18%),FLAGGED
run_03,frame_0146.png,418,306.4043062200957,251.78947368421052,0.186572265625,OVEREXPOSED(19%),FLAGGED
run_03,frame_0147.png,320,312.39375,250.25,0.19066080729166668,OVEREXPOSED(19%),FLAGGED
run_03,frame_0148.png,179,318.37988826815644,240.9217877094972,0.207548828125,OVEREXPOSED(21%),FLAGGED
run_03,frame_0149.png,284,314.0598591549296,230.0950704225352,0.208271484375,OVEREXPOSED(21%),FLAGGED
run_03,frame_0150.png,344,308.6162790697674,227.71802325581396,0.210126953125,OVEREXPOSED(21%),FLAGGED
run_03,frame_0151.png,365,304.9013698630137,230.63013698630138,0.22250651041666666,OVEREXPOSED(22%),FLAGGED
run_03,frame_0152.png,326,303.7638036809816,235.24539877300614,0.22130533854166667,OVEREXPOSED(22%),FLAGGED
run_03,frame_0153.png,225,304.11555555555555,238.57777777777778,0.22168619791666666,OVEREXPOSED(22%),FLAGGED
run_03,frame_0154.png,125,303.624,239.92,0.232275390625,OVEREXPOSED(23%),FLAGGED
run_03,frame_0155.png,240,305.57916666666665,239.8375,0.23186848958333334,OVEREXPOSED(23%),FLAGGED
run_03,frame_0156.png,303,304.81188118811883,241.06930693069307,0.23337239583333333,OVEREXPOSED(23%),FLAGGED
run_03,frame_0157.png,343,305.03498542274053,246.60058309037902,0.24112630208333333,OVEREXPOSED(24%),FLAGGED
run_03,frame_0158.png,327,307.45871559633025,249.29969418960243,0.23943033854166668,OVEREXPOSED(24%),FLAGGED
run_03,frame_0159.png,259,311.5366795366795,247.64092664092664,0.24093424479166667,OVEREXPOSED(24%),FLAGGED
run_03,frame_0160.png,168,316.9107142857143,238.3095238095238,0.2519140625,OVEREXPOSED(25%),FLAGGED
run_03,frame_0161.png,314,311.187898089172,229.03821656050957,0.24628255208333333,OVEREXPOSED(25%),FLAGGED
run_03,frame_0162.png,411,305.93430656934305,226.07299270072994,0.24334309895833334,OVEREXPOSED(24%),FLAGGED
run_03,frame_0163.png,450,301.8066666666667,231.38666666666666,0.250625,OVEREXPOSED(25%),FLAGGED
run_03,frame_0164.png,416,300.25,236.5096153846154,0.24402018229166667,OVEREXPOSED(24%),FLAGGED
run_03,frame_0165.png,300,301.1533333333333,240.32333333333332,0.24125325520833332,OVEREXPOSED(24%),FLAGGED
run_03,frame_0166.png,200,301.665,239.32,0.24927734375,OVEREXPOSED(25%),FLAGGED
run_03,frame_0167.png,387,301.8036175710594,236.297157622739,0.2434375,OVEREXPOSED(24%),FLAGGED
run_03,frame_0168.png,530,298.8056603773585,239.81132075471697,0.24473958333333334,OVEREXPOSED(24%),FLAGGED
run_03,frame_0169.png,588,298.7721088435374,250.2295918367347,0.255341796875,OVEREXPOSED(26%),FLAGGED
run_03,frame_0170.png,540,302.6222222222222,256.05555555555554,0.25116536458333333,OVEREXPOSED(25%),FLAGGED
run_03,frame_0171.png,405,308.6666666666667,252.0222222222222,0.2523600260416667,OVEREXPOSED(25%),FLAGGED
run_03,frame_0172.png,298,313.80872483221475,234.2785234899329,0.264287109375,OVEREXPOSED(26%),FLAGGED
run_03,frame_0173.png,576,306.546875,218.93402777777777,0.2563248697916667,OVEREXPOSED(26%),FLAGGED
run_03,frame_0174.png,665,298.97744360902254,221.37593984962405,0.25880533854166665,OVEREXPOSED(26%),FLAGGED
run_03,frame_0175.png,638,296.15203761755487,231.49843260188086,0.27271158854166666,OVEREXPOSED(27%),FLAGGED
run_03,frame_0176.png,498,296.9899598393574,238.7449799196787,0.269326171875,OVEREXPOSED(27%),FLAGGED
run_03,frame_0177.png,295,298.18305084745765,240.09830508474576,0.273349609375,OVEREXPOSED(27%),FLAGGED
run_03,frame_0178.png,244,300.6393442622951,238.69672131147541,0.284375,OVEREXPOSED(28%),FLAGGED
run_03,frame_0179.png,407,300.7985257985258,236.64127764127764,0.2846451822916667,OVEREXPOSED(28%),FLAGGED
run_03,frame_0180.png,478,299.663179916318,242.47071129707112,0.2899934895833333,OVEREXPOSED(29%),FLAGGED
run_03,frame_0181.png,472,301.2330508474576,248.70338983050848,0.3029069010416667,OVEREXPOSED(30%),FLAGGED
run_03,frame_0182.png,386,305.080310880829,251.15544041450778,0.302744140625,OVEREXPOSED(30%),FLAGGED
run_03,frame_0183.png,243,309.50205761316874,246.1851851851852,0.31073893229166666,OVEREXPOSED(31%),FLAGGED
run_03,frame_0184.png,217,310.50230414746545,234.24884792626727,0.32099283854166666,OVEREXPOSED(32%),FLAGGED
run_03,frame_0185.png,334,307.4311377245509,227.29041916167665,0.3193131510416667,OVEREXPOSED(32%),FLAGGED
run_03,frame_0186.png,402,303.87810945273634,229.22139303482587,0.32330078125,OVEREXPOSED(32%),FLAGGED
run_03,frame_0187.png,371,302.6199460916442,234.35040431266847,0.330537109375,OVEREXPOSED(33%),FLAGGED
run_03,frame_0188.png,294,302.6054421768707,237.74489795918367,0.328583984375,OVEREXPOSED(33%),FLAGGED
run_03,frame_0189.png,161,303.1801242236025,239.56521739130434,0.33270182291666667,OVEREXPOSED(33%),FLAGGED
run_03,frame_0190.png,171,304.15204678362574,239.73099415204678,0.33876953125,OVEREXPOSED(34%),FLAGGED
run_03,frame_0191.png,265,304.7584905660377,238.70188679245283,0.34155598958333333,OVEREXPOSED(34%),FLAGGED
run_03,frame_0192.png,340,303.72352941176473,242.74411764705883,0.34439453125,OVEREXPOSED(34%),FLAGGED
run_03,frame_0193.png,334,304.73952095808386,248.84131736526948,0.349208984375,OVEREXPOSED(35%),FLAGGED
run_03,frame_0194.png,286,306.42657342657344,248.54895104895104,0.34997721354166667,OVEREXPOSED(35%),FLAGGED
run_03,frame_0195.png,176,309.01704545454544,243.85795454545453,0.3529296875,OVEREXPOSED(35%),FLAGGED
run_03,frame_0196.png,235,308.7148936170213,232.88510638297873,0.3575162760416667,OVEREXPOSED(36%),FLAGGED
run_03,frame_0197.png,350,305.7657142857143,225.86285714285714,0.3551888020833333,OVEREXPOSED(36%),FLAGGED
run_03,frame_0198.png,439,301.92938496583145,230.1981776765376,0.3563509114583333,OVEREXPOSED(36%),FLAGGED
run_03,frame_0199.png,422,300.29857819905214,235.9218009478673,0.3591796875,OVEREXPOSED(36%),FLAGGED
run_03,frame_0200.png,343,300.36443148688045,240.99708454810497,0.3565494791666667,OVEREXPOSED(36%),FLAGGED
run_03,frame_0201.png,168,300.4047619047619,240.35714285714286,0.35875325520833334,OVEREXPOSED(36%),FLAGGED
run_03,frame_0202.png,281,300.7330960854093,237.18861209964413,0.360537109375,OVEREXPOSED(36%),FLAGGED
run_03,frame_0203.png,422,298.9881516587678,236.95497630331752,0.36115234375,OVEREXPOSED(36%),FLAGGED
run_03,frame_0204.png,548,297.51277372262774,244.3065693430657,0.36542317708333333,OVEREXPOSED(37%),FLAGGED
run_03,frame_0205.png,554,298.4476534296029,252.72202166064983,0.36914388020833333,OVEREXPOSED(37%),FLAGGED
run_03,frame_0206.png,460,301.31739130434784,254.9282608695652,0.369814453125,OVEREXPOSED(37%),FLAGGED
run_03,frame_0207.png,246,304.9024390243902,245.08536585365854,0.3746875,OVEREXPOSED(37%),FLAGGED
run_03,frame_0208.png,429,302.63869463869463,225.98834498834498,0.37829752604166667,OVEREXPOSED(38%),FLAGGED
run_03,frame_0209.png,663,297.58069381598796,218.63499245852188,0.376376953125,OVEREXPOSED(38%),FLAGGED
run_03,frame_0210.png,701,294.36947218259627,226.34522111269615,0.3820703125,OVEREXPOSED(38%),FLAGGED
run_03,frame_0211.png,605,294.86611570247936,239.33388429752065,0.3860221354166667,OVEREXPOSED(39%),FLAGGED
run_03,frame_0212.png,429,296.2867132867133,241.76456876456876,0.384609375,OVEREXPOSED(38%),FLAGGED
run_03,frame_0213.png,151,296.8543046357616,240.25165562913907,0.3899381510416667,OVEREXPOSED(39%),FLAGGED
run_03,frame_0214.png,337,298.71216617210683,236.08605341246292,0.39399088541666666,OVEREXPOSED(39%),FLAGGED
run_03,frame_0215.png,473,298.2177589852009,236.5877378435518,0.39694010416666664,OVEREXPOSED(40%),FLAGGED
run_03,frame_0216.png,508,298.5728346456693,243.96850393700788,0.405263671875,OVEREXPOSED(41%),FLAGGED
run_03,frame_0217.png,426,300.59389671361504,251.54929577464787,0.4081803385416667,OVEREXPOSED(41%),FLAGGED
run_03,frame_0218.png,313,303.20127795527156,249.6453674121406,0.4131575520833333,OVEREXPOSED(41%),FLAGGED
run_03,frame_0219.png,106,305.5377358490566,239.21698113207546,0.421357421875,OVEREXPOSED(42%),FLAGGED
run_03,frame_0220.png,299,304.2341137123746,229.48829431438128,0.4212565104166667,OVEREXPOSED(42%),FLAGGED
run_03,frame_0221.png,406,302.64778325123154,227.53940886699507,0.423759765625,OVEREXPOSED(42%),FLAGGED
run_03,frame_0222.png,395,301.6835443037975,231.6126582278481,0.4288509114583333,OVEREXPOSED(43%),FLAGGED
run_03,frame_0223.png,353,301.671388101983,237.79886685552407,0.429072265625,OVEREXPOSED(43%),FLAGGED
run_03,frame_0224.png,236,302.20762711864404,239.73305084745763,0.43115559895833333,OVEREXPOSED(43%),FLAGGED
run_03,frame_0225.png,92,303.0326086956522,239.3804347826087,0.43578450520833334,OVEREXPOSED(44%),FLAGGED
run_03,frame_0226.png,232,303.85775862068965,237.50862068965517,0.43716796875,OVEREXPOSED(44%),FLAGGED
run_03,frame_0227.png,310,303.6,239.3483870967742,0.44095703125,OVEREXPOSED(44%),FLAGGED
run_03,frame_0228.png,332,303.60843373493975,246.12048192771084,0.4476497395833333,OVEREXPOSED(45%),FLAGGED
run_03,frame_0229.png,312,304.1955128205128,249.76602564102564,0.44832682291666665,OVEREXPOSED(45%),FLAGGED
run_03,frame_0230.png,203,304.9605911330049,246.39901477832512,0.45150390625,OVEREXPOSED(45%),FLAGGED
run_03,frame_0231.png,133,305.3233082706767,236.9624060150376,0.45540690104166665,OVEREXPOSED(46%),FLAGGED
run_03,frame_0232.png,293,303.92150170648466,228.6928327645051,0.45578450520833336,OVEREXPOSED(46%),FLAGGED
run_03,frame_0233.png,382,302.0314136125655,228.7565445026178,0.45776041666666667,OVEREXPOSED(46%),FLAGGED
run_03,frame_0234.png,425,300.6823529411765,233.16,0.4594498697916667,OVEREXPOSED(46%),FLAGGED
run_03,frame_0235.png,358,300.0782122905028,239.11173184357543,0.4580859375,OVEREXPOSED(46%),FLAGGED
run_03,frame_0236.png,224,299.9642857142857,240.72767857142858,0.45361653645833333,OVEREXPOSED(45%),FLAGGED
run_03,frame_0237.png,173,299.5780346820809,238.89017341040463,0.45025716145833333,OVEREXPOSED(45%),FLAGGED
run_03,frame_0238.png,370,299.26216216216216,234.77027027027026,0.4461751302083333,OVEREXPOSED(45%),FLAGGED
run_03,frame_0239.png,481,298.06444906444904,238.47401247401248,0.44384114583333334,OVEREXPOSED(44%),FLAGGED
run_03,frame_0240.png,527,297.72106261859585,249.83870967741936,0.444619140625,OVEREXPOSED(44%),FLAGGED
run_03,frame_0241.png,471,298.7070063694268,254.7515923566879,0.438701171875,OVEREXPOSED(44%),FLAGGED
run_03,frame_0242.png,302,300.4933774834437,249.341059602649,0.4347688802083333,OVEREXPOSED(43%),FLAGGED
run_03,frame_0243.png,283,301.1660777385159,232.0,0.4352115885416667,OVEREXPOSED(44%),FLAGGED
run_03,frame_0244.png,527,297.97722960151805,220.81214421252372,0.42843424479166664,OVEREXPOSED(43%),FLAGGED
run_03,frame_0245.png,704,294.61647727272725,221.39772727272728,0.4236328125,OVEREXPOSED(42%),FLAGGED
run_03,frame_0246.png,710,293.16338028169014,234.1718309859155,0.42378580729166665,OVEREXPOSED(42%),FLAGGED
run_03,frame_0247.png,526,294.4657794676806,241.5874524714829,0.41623046875,OVEREXPOSED(42%),FLAGGED
run_03,frame_0248.png,293,295.98976109215016,241.47440273037543,0.41265625,OVEREXPOSED(41%),FLAGGED
run_03,frame_0249.png,282,297.5390070921986,237.5886524822695,0.413876953125,OVEREXPOSED(41%),FLAGGED
run_03,frame_0250.png,451,297.62971175166297,235.4279379157428,0.4076953125,OVEREXPOSED(41%),FLAGGED
run_03,frame_0251.png,514,297.50972762645915,240.88326848249028,0.40716145833333334,OVEREXPOSED(41%),FLAGGED
run_03,frame_0252.png,496,298.945564516129,248.9616935483871,0.408994140625,OVEREXPOSED(41%),FLAGGED
run_03,frame_0253.png,397,302.02770780856423,253.34256926952142,0.40421223958333335,OVEREXPOSED(40%),FLAGGED
run_03,frame_0254.png,214,305.05607476635515,245.7803738317757,0.404052734375,OVEREXPOSED(40%),FLAGGED
run_03,frame_0255.png,250,305.548,232.896,0.40587239583333334,OVEREXPOSED(41%),FLAGGED
run_03,frame_0256.png,372,303.4139784946237,227.66397849462365,0.399091796875,OVEREXPOSED(40%),FLAGGED
run_03,frame_0257.png,413,301.8813559322034,229.09200968523,0.39670247395833336,OVEREXPOSED(40%),FLAGGED
run_03,frame_0258.png,395,301.27341772151897,235.00253164556963,0.39524739583333335,OVEREXPOSED(40%),FLAGGED
run_03,frame_0259.png,303,301.63696369636966,238.82508250825083,0.3907421875,OVEREXPOSED(39%),FLAGGED
run_03,frame_0260.png,151,301.9006622516556,239.73509933774835,0.38777018229166665,OVEREXPOSED(39%),FLAGGED
run_03,frame_0261.png,190,303.5,238.93684210526317,0.386982421875,OVEREXPOSED(39%),FLAGGED
run_03,frame_0262.png,289,303.57785467128025,239.23875432525952,0.38422200520833333,OVEREXPOSED(38%),FLAGGED
run_03,frame_0263.png,332,303.52710843373495,242.9578313253012,0.38408854166666667,OVEREXPOSED(38%),FLAGGED
run_03,frame_0264.png,326,304.94171779141107,248.23006134969324,0.38332682291666664,OVEREXPOSED(38%),FLAGGED
run_03,frame_0265.png,265,306.46792452830186,247.49433962264152,0.38074869791666666,OVEREXPOSED(38%),FLAGGED
run_03,frame_0266.png,159,309.2138364779874,243.50314465408806,0.378388671875,OVEREXPOSED(38%),FLAGGED
run_03,frame_0267.png,224,308.84375,232.62053571428572,0.3766634114583333,OVEREXPOSED(38%),FLAGGED
run_03,frame_0268.png,339,305.48967551622417,228.42772861356931,0.3689322916666667,OVEREXPOSED(37%),FLAGGED
run_03,frame_0269.png,410,302.6439024390244,230.3658536585366,0.3646875,OVEREXPOSED(36%),FLAGGED
run_03,frame_0270.png,394,300.98223350253807,234.1751269035533,0.3616080729166667,OVEREXPOSED(36%),FLAGGED
run_03,frame_0271.png,311,300.8006430868167,239.07717041800643,0.35240234375,OVEREXPOSED(35%),FLAGGED
run_03,frame_0272.png,141,301.1418439716312,240.19858156028369,0.3487890625,OVEREXPOSED(35%),FLAGGED
run_03,frame_0273.png,273,301.46886446886447,237.98901098901098,0.34434895833333334,OVEREXPOSED(34%),FLAGGED
run_03,frame_0274.png,416,300.09615384615387,238.48557692307693,0.339423828125,OVEREXPOSED(34%),FLAGGED
run_03,frame_0275.png,493,299.2129817444219,244.65720081135902,0.338916015625,OVEREXPOSED(34%),FLAGGED
run_03,frame_0276.png,504,300.7936507936508,252.76388888888889,0.3352864583333333,OVEREXPOSED(34%),FLAGGED
run_03,frame_0277.png,398,304.4824120603015,253.01256281407035,0.3282877604166667,OVEREXPOSED(33%),FLAGGED
run_03,frame_0278.png,201,308.2437810945274,242.6915422885572,0.32933919270833334,OVEREXPOSED(33%),FLAGGED
run_03,frame_0279.png,395,306.5746835443038,226.06582278481014,0.32539713541666665,OVEREXPOSED(33%),FLAGGED
run_03,frame_0280.png,599,300.4908180300501,220.56928213689483,0.3133723958333333,OVEREXPOSED(31%),FLAGGED
run_03,frame_0281.png,689,295.44412191582,226.48621190130623,0.312529296875,OVEREXPOSED(31%),FLAGGED
run_03,frame_0282.png,685,293.70948905109486,237.02773722627737,0.305146484375,OVEREXPOSED(31%),FLAGGED
run_03,frame_0283.png,464,296.0366379310345,241.9073275862069,0.29694986979166665,OVEREXPOSED(30%),FLAGGED
run_03,frame_0284.png,179,295.0111731843575,239.84916201117318,0.298232421875,OVEREXPOSED(30%),FLAGGED
run_03,frame_0285.png,401,299.286783042394,236.12468827930175,0.29461263020833334,OVEREXPOSED(29%),FLAGGED
run_03,frame_0286.png,526,298.11787072243345,237.84980988593156,0.29254557291666666,OVEREXPOSED(29%),FLAGGED
run_03,frame_0287.png,571,298.27670753064797,245.67425569176882,0.2979296875,OVEREXPOSED(30%),FLAGGED
run_03,frame_0288.png,500,302.418,253.672,0.29504231770833333,OVEREXPOSED(30%),FLAGGED
run_03,frame_0289.png,358,307.8268156424581,250.81843575418995,0.29265625,OVEREXPOSED(29%),FLAGGED
run_03,frame_0290.png,177,313.0508474576271,238.98870056497177,0.2999186197916667,OVEREXPOSED(30%),FLAGGED
run_03,frame_0291.png,337,308.8575667655786,228.25816023738872,0.29215169270833335,OVEREXPOSED(29%),FLAGGED
run_03,frame_0292.png,428,304.58878504672896,226.63785046728972,0.2887369791666667,OVEREXPOSED(29%),FLAGGED
run_03,frame_0293.png,434,301.8778801843318,230.59907834101384,0.2922591145833333,OVEREXPOSED(29%),FLAGGED
run_03,frame_0294.png,367,301.43051771117166,235.9700272479564,0.285361328125,OVEREXPOSED(29%),FLAGGED
run_03,frame_0295.png,240,303.0083333333333,239.90416666666667,0.28081705729166667,OVEREXPOSED(28%),FLAGGED
run_03,frame_0296.png,138,303.8478260869565,239.6304347826087,0.2842740885416667,OVEREXPOSED(28%),FLAGGED
run_03,frame_0297.png,277,304.6317689530686,238.66425992779784,0.2777734375,OVEREXPOSED(28%),FLAGGED
run_03,frame_0298.png,330,304.2,240.88787878787878,0.27802083333333333,OVEREXPOSED(28%),FLAGGED
run_03,frame_0299.png,344,305.125,246.6889534883721,0.284423828125,OVEREXPOSED(28%),FLAGGED
run_03,frame_0300.png,284,308.26408450704224,248.75,0.2792024739583333,OVEREXPOSED(28%),FLAGGED
run_03,frame_0301.png,220,312.0590909090909,246.53181818181818,0.27842122395833335,OVEREXPOSED(28%),FLAGGED
run_03,frame_0302.png,155,315.3806451612903,237.18709677419355,0.28082682291666666,OVEREXPOSED(28%),FLAGGED
run_03,frame_0303.png,277,311.2346570397112,229.31046931407943,0.269599609375,OVEREXPOSED(27%),FLAGGED
run_03,frame_0304.png,360,306.56666666666666,227.89166666666668,0.2610807291666667,OVEREXPOSED(26%),FLAGGED
run_03,frame_0305.png,384,303.1015625,230.78645833333334,0.26209635416666666,OVEREXPOSED(26%),FLAGGED
run_03,frame_0306.png,342,302.4795321637427,238.19298245614036,0.24627604166666667,OVEREXPOSED(25%),FLAGGED
run_03,frame_0307.png,236,301.79237288135596,239.25,0.239765625,OVEREXPOSED(24%),FLAGGED
run_03,frame_0308.png,205,303.25853658536585,239.44878048780487,0.24146809895833332,OVEREXPOSED(24%),FLAGGED
run_03,frame_0309.png,351,302.5071225071225,238.96581196581195,0.22739908854166666,OVEREXPOSED(23%),FLAGGED
run_03,frame_0310.png,445,300.97752808988764,243.64269662921348,0.22422200520833332,OVEREXPOSED(22%),FLAGGED
run_03,frame_0311.png,483,302.1904761904762,249.36024844720498,0.228857421875,OVEREXPOSED(23%),FLAGGED
run_03,frame_0312.png,435,306.88045977011495,253.583908045977,0.21579752604166666,OVEREXPOSED(22%),FLAGGED
run_03,frame_0313.png,330,313.26969696969695,248.44242424242424,0.2118359375,OVEREXPOSED(21%),FLAGGED
run_03,frame_0314.png,293,317.9112627986348,232.19453924914677,0.2157421875,OVEREXPOSED(22%),FLAGGED
run_03,frame_0315.png,500,309.084,222.382,0.19798177083333332,OVEREXPOSED(20%),FLAGGED
run_03,frame_0316.png,618,301.1456310679612,222.16828478964402,0.18994140625,OVEREXPOSED(19%),FLAGGED
run_03,frame_0317.png,660,296.44848484848484,230.70454545454547,0.19264973958333334,OVEREXPOSED(19%),FLAGGED
run_03,frame_0318.png,562,296.711743772242,239.81138790035587,0.171298828125,OVEREXPOSED(17%),FLAGGED
run_03,frame_0319.png,340,297.8029411764706,240.2941176470588,0.16626302083333333,OVEREXPOSED(17%),FLAGGED
run_03,frame_0320.png,347,303.34870317002884,236.89625360230548,0.17286458333333332,OVEREXPOSED(17%),FLAGGED
run_03,frame_0321.png,503,300.08548707753476,237.07157057654075,0.16205729166666666,OVEREXPOSED(16%),FLAGGED
run_03,frame_0322.png,579,299.146804835924,242.20034542314335,0.167880859375,OVEREXPOSED(17%),FLAGGED
run_03,frame_0323.png,537,302.30167597765364,252.95530726256985,0.17525716145833334,OVEREXPOSED(18%),FLAGGED
run_03,frame_0324.png,448,309.31473214285717,254.21651785714286,0.16589518229166667,OVEREXPOSED(17%),FLAGGED
run_03,frame_0325.png,278,316.8776978417266,246.68705035971223,0.16887369791666668,OVEREXPOSED(17%),FLAGGED
run_03,frame_0326.png,285,317.48070175438596,231.7263157894737,0.18113932291666668,OVEREXPOSED(18%),FLAGGED
run_03,frame_0327.png,410,310.3048780487805,226.1341463414634,0.16693033854166667,OVEREXPOSED(17%),FLAGGED
run_03,frame_0328.png,442,305.1244343891403,225.8868778280543,0.16671875,OVEREXPOSED(17%),FLAGGED
run_03,frame_0329.png,416,302.5480769230769,233.21875,0.17385416666666667,OVEREXPOSED(17%),FLAGGED
run_03,frame_0330.png,310,301.85806451612905,236.49354838709678,0.15972330729166667,OVEREXPOSED(16%),FLAGGED
run_03,frame_0331.png,188,302.11170212765956,239.20744680851064,0.15914388020833334,OVEREXPOSED(16%),FLAGGED
run_03,frame_0332.png,230,304.82173913043476,239.98695652173913,0.16105794270833335,OVEREXPOSED(16%),FLAGGED
run_03,frame_0333.png,295,305.2508474576271,240.34915254237288,0.15641276041666666,OVEREXPOSED(16%),FLAGGED
run_03,frame_0334.png,342,305.4298245614035,244.8421052631579,0.16288411458333332,OVEREXPOSED(16%),FLAGGED
run_03,frame_0335.png,329,308.4802431610942,249.03951367781156,0.16949544270833333,OVEREXPOSED(17%),FLAGGED
run_03,frame_0336.png,260,312.9,248.0423076923077,0.16196940104166666,OVEREXPOSED(16%),FLAGGED
run_03,frame_0337.png,168,318.3690476190476,242.82738095238096,0.16710286458333334,OVEREXPOSED(17%),FLAGGED
run_03,frame_0338.png,232,318.33620689655174,232.52155172413794,0.16623697916666666,OVEREXPOSED(17%),FLAGGED
run_03,frame_0339.png,311,312.4405144694534,227.80707395498393,0.14998697916666667,OVEREXPOSED(15%),FLAGGED
run_03,frame_0340.png,345,307.0376811594203,230.43188405797102,0.14505859375,OVEREXPOSED(15%),FLAGGED
run_03,frame_0341.png,340,304.09411764705885,233.6705882352941,0.14580403645833334,OVEREXPOSED(15%),FLAGGED
run_03,frame_0342.png,276,302.64130434782606,236.77898550724638,0.120048828125,OVEREXPOSED(12%),FLAGGED
run_03,frame_0343.png,179,302.41340782122904,239.45810055865923,0.11892903645833333,OVEREXPOSED(12%),FLAGGED
run_03,frame_0344.png,274,305.9890510948905,238.93065693430657,0.113291015625,OVEREXPOSED(11%),FLAGGED
run_03,frame_0345.png,371,303.2533692722372,242.57951482479785,0.09722981770833333,,
run_03,frame_0346.png,439,303.84738041002277,247.20501138952164,0.10078776041666666,OVEREXPOSED(10%),FLAGGED
run_03,frame_0347.png,460,308.0217391304348,252.7804347826087,0.09953776041666666,,
run_03,frame_0348.png,390,315.98974358974357,252.3897435897436,0.079677734375,,
run_03,frame_0349.png,261,323.2298850574713,241.70114942528735,0.089912109375,,
run_03,frame_0350.png,392,318.35714285714283,228.06632653061226,0.08324544270833334,,
run_03,frame_0351.png,511,309.7847358121331,222.02544031311155,0.051962890625,,
run_03,frame_0352.png,567,301.9400352733686,224.19400352733686,0.056455078125,,
run_03,frame_0353.png,535,298.6242990654206,233.77757009345794,0.05035481770833333,,
run_03,frame_0354.png,408,298.95588235294116,238.92401960784315,0.019348958333333333,,
run_03,frame_0355.png,311,296.0225080385852,239.86816720257235,0.02353515625,,
run_03,frame_0356.png,449,302.1870824053452,238.48106904231625,0.016715494791666667,,
run_03,frame_0357.png,549,300.7049180327869,241.8542805100182,0.013343098958333334,,
run_03,frame_0358.png,573,302.58813263525303,249.89703315881326,0.02509114583333333,,
run_03,frame_0359.png,478,310.27824267782427,255.76569037656904,0.020810546875,,
run_03,frame_0360.png,379,318.99208443271766,250.51451187335093,0.022047526041666668,,
run_03,frame_0361.png,284,326.21830985915494,237.61267605633802,0.037884114583333336,,
run_03,frame_0362.png,379,318.27704485488124,226.74142480211083,0.02994140625,,
run_03,frame_0363.png,434,310.4953917050691,224.02534562211983,0.021416015625,,
run_03,frame_0364.png,434,304.92857142857144,228.90092165898616,0.03687174479166667,,
run_03,frame_0365.png,347,303.0086455331412,234.03170028818442,0.026243489583333335,,
run_03,frame_0366.png,240,303.825,238.36666666666667,0.017434895833333332,,
run_03,frame_0367.png,209,303.57894736842104,240.35406698564594,0.029817708333333335,,
run_03,frame_0368.png,280,305.7107142857143,241.55357142857142,0.019915364583333334,,
run_03,frame_0369.png,324,306.0462962962963,245.66666666666666,0.02095703125,,
run_03,frame_0370.png,330,309.1575757575758,247.66666666666666,0.038759765625,,
run_03,frame_0371.png,293,314.6279863481229,249.82935153583617,0.025830078125,,
run_03,frame_0372.png,222,320.2882882882883,245.64864864864865,0.030107421875,,
run_03,frame_0373.png,193,323.139896373057,236.9119170984456,0.049794921875,,
run_03,frame_0374.png,261,317.808429118774,230.72030651340995,0.030048828125,,
run_03,frame_0375.png,304,312.42763157894734,227.78618421052633,0.019957682291666667,,
run_03,frame_0376.png,316,307.7151898734177,231.96835443037975,0.021139322916666668,,
run_03,frame_0377.png,269,305.20446096654274,235.09665427509293,0.00931640625,,
run_03,frame_0378.png,216,302.38425925925924,237.34722222222223,0.003544921875,,
run_03,frame_0379.png,227,305.69603524229075,240.37444933920705,0.0,,
run_03,frame_0380.png,312,305.27564102564105,242.6698717948718,0.0005110677083333333,,
run_03,frame_0381.png,370,306.26216216216216,245.44864864864866,0.00038736979166666667,,
run_03,frame_0382.png,403,309.03722084367246,249.79900744416872,0.0,,
run_03,frame_0383.png,363,317.0110192837466,252.9862258953168,0.0,,
run_03,frame_0384.png,293,324.2150170648464,246.3037542662116,0.0,,
run_03,frame_0385.png,311,327.887459807074,233.13504823151126,0.0,,
run_03,frame_0386.png,392,319.56632653061223,223.46173469387756,0.0,,
run_03,frame_0387.png,496,309.5907258064516,221.8326612903226,0.0,,
run_03,frame_0388.png,503,303.26441351888667,230.14115308151094,0.0,,
run_03,frame_0389.png,425,299.15294117647056,233.0494117647059,3.2552083333333335e-06,,
run_03,frame_0390.png,348,296.5948275862069,237.60632183908046,0.0,,
run_03,frame_0391.png,396,302.5176767676768,240.27020202020202,2.9296875e-05,,
run_03,frame_0392.png,516,301.5019379844961,243.81589147286823,3.2552083333333335e-06,,
run_03,frame_0393.png,548,303.88321167883214,247.47445255474452,9.765625e-06,,
run_03,frame_0394.png,533,310.08818011257034,254.28330206378988,3.2552083333333335e-06,,
run_03,frame_0395.png,424,319.311320754717,252.88915094339623,0.0,,
run_03,frame_0396.png,343,329.40816326530614,244.49271137026238,0.0,,
run_03,frame_0397.png,331,327.1299093655589,230.89728096676737,3.2552083333333335e-06,,
run_03,frame_0398.png,388,318.96907216494844,223.53092783505156,0.0,,
run_03,frame_0399.png,407,310.3046683046683,224.53071253071252,0.0,,
run_03,frame_0400.png,351,305.32763532763533,230.07122507122506,0.0,,
run_03,frame_0401.png,284,303.8098591549296,235.32394366197184,0.0,,
run_03,frame_0402.png,235,301.4723404255319,238.9744680851064,0.0,,
run_03,frame_0403.png,268,307.0858208955224,241.37313432835822,0.0,,
run_03,frame_0404.png,293,306.5324232081911,246.19795221843003,0.0,,
run_03,frame_0405.png,318,310.0660377358491,249.52201257861634,0.0,,
run_03,frame_0406.png,295,316.1593220338983,251.8542372881356,0.0,,
run_03,frame_0407.png,253,321.4505928853755,247.16205533596838,0.0,,
run_03,frame_0408.png,203,328.95073891625617,240.35467980295567,0.0,,
run_03,frame_0409.png,214,323.88317757009344,232.34112149532712,0.0,,
run_03,frame_0410.png,243,318.47736625514403,227.3621399176955,0.0,,
run_03,frame_0411.png,277,311.927797833935,229.1046931407942,0.0,,
run_03,frame_0412.png,244,307.38524590163934,231.64754098360655,0.0,,
run_03,frame_0413.png,225,305.8177777777778,236.29777777777778,0.0,,
run_03,frame_0414.png,209,303.67464114832535,240.04784688995215,0.0,,
run_03,frame_0415.png,258,307.67054263565893,242.39147286821705,0.0,,
run_03,frame_0416.png,297,308.1750841750842,246.1851851851852,0.0,,
run_03,frame_0417.png,357,311.47058823529414,250.3361344537815,0.0,,
run_03,frame_0418.png,328,318.4603658536585,253.2439024390244,0.0,,
run_03,frame_0419.png,308,326.1331168831169,248.4577922077922,0.0,,
run_03,frame_0420.png,300,332.0233333333333,238.29666666666665,0.0,,
run_03,frame_0421.png,323,327.4365325077399,227.08978328173376,0.0,,BASELINE
run_03,frame_0422.png,371,317.92452830188677,222.28840970350404,0.0,,
run_03,frame_0423.png,414,309.1062801932367,225.40338164251207,0.0,,
run_03,frame_0424.png,377,302.85676392572947,229.17506631299736,0.0,,
run_03,frame_0425.png,348,299.36206896551727,234.7528735632184,0.0,,
run_03,frame_0426.png,372,299.85483870967744,240.86021505376345,0.0,,BASELINE
run_03,frame_0427.png,433,304.5450346420323,243.3972286374134,2.2786458333333334e-05,,BASELINE
run_03,frame_0428.png,516,305.48837209302326,248.56782945736435,1.6276041666666666e-05,,
run_03,frame_0429.png,519,311.3063583815029,255.42967244701347,1.6276041666666666e-05,,
run_03,frame_0430.png,433,321.21709006928404,256.05773672055426,3.2552083333333335e-06,,
run_03,frame_0431.png,379,331.3852242744063,249.47229551451187,6.510416666666667e-06,,
run_03,frame_0432.png,381,336.6115485564304,236.41994750656167,0.0,,
run_03,frame_0433.png,344,328.4825581395349,225.68023255813952,0.0,,
run_03,frame_0434.png,355,318.4760563380282,221.94084507042254,0.0,,
run_03,frame_0435.png,347,310.0374639769452,224.54178674351584,0.0,,
run_03,frame_0436.png,289,305.25259515570934,230.439446366782,0.0,,
run_03,frame_0437.png,274,300.1678832116788,234.8065693430657,0.0,,
run_03,frame_0438.png,265,303.6792452830189,241.5320754716981,0.0,,
run_03,frame_0439.png,271,307.55350553505536,244.91512915129152,0.0,,
run_03,frame_0440.png,283,310.8939929328622,248.26148409893992,0.0,,
run_03,frame_0441.png,284,316.23591549295776,252.02464788732394,0.0,,
run_03,frame_0442.png,263,323.0760456273764,250.319391634981,0.0,,
run_03,frame_0443.png,227,327.40969162995594,244.27312775330395,0.0,,
run_03,frame_0444.png,236,330.95762711864404,236.15254237288136,0.0,,
run_03,frame_0445.png,216,325.8425925925926,229.08796296296296,0.0,,
run_03,frame_0446.png,229,318.13100436681225,228.96943231441048,0.0,,
run_03,frame_0447.png,232,312.4698275862069,229.54310344827587,0.0,,
run_03,frame_0448.png,221,306.9366515837104,231.52036199095022,0.0,,
run_03,frame_0449.png,223,303.0269058295964,236.695067264574,0.0,,
run_03,frame_0450.png,238,305.9957983193277,242.6890756302521,0.0,,
run_03,frame_0451.png,244,309.2090163934426,246.24180327868854,0.0,,
run_03,frame_0452.png,289,312.75086505190313,249.93425605536333,0.0,,
run_03,frame_0453.png,288,318.44097222222223,251.32638888888889,0.0,,
run_03,frame_0454.png,277,325.2238267148014,249.68592057761734,0.0,,
run_03,frame_0455.png,287,334.3867595818815,244.26132404181186,0.0,,
run_03,frame_0456.png,287,334.1602787456446,233.33797909407664,0.0,,
run_03,frame_0457.png,311,329.03215434083603,223.2797427652733,0.0,,
run_03,frame_0458.png,337,318.2551928783383,221.76854599406528,0.0,,
run_03,frame_0459.png,350,309.72285714285715,225.04857142857142,0.0,,
run_03,frame_0460.png,324,300.70061728395063,227.92283950617283,0.0,,
run_03,frame_0461.png,349,297.7936962750716,236.9971346704871,0.0,,
run_03,frame_0462.png,378,299.8994708994709,245.52380952380952,3.2552083333333335e-06,,
run_03,frame_0463.png,400,305.485,251.1275,0.00021158854166666667,,
run_03,frame_0464.png,450,311.77777777777777,256.37555555555554,1.953125e-05,,
run_03,frame_0465.png,420,320.5,256.3404761904762,4.8828125e-05,,
run_03,frame_0466.png,401,332.640897755611,254.76807980049875,0.0002571614583333333,,
run_03,frame_0467.png,384,339.1822916666667,243.54427083333334,0.00015950520833333333,,
run_03,frame_0468.png,369,336.5962059620596,230.97560975609755,0.0,,
run_03,frame_0469.png,334,328.38922155688624,221.73353293413174,0.0,,
run_03,frame_0470.png,352,316.70454545454544,223.4090909090909,0.0,,
run_03,frame_0471.png,309,308.6990291262136,225.37864077669903,0.0,,
run_03,frame_0472.png,291,302.5773195876289,230.86941580756013,0.0,,
run_03,frame_0473.png,279,301.59498207885304,238.65591397849462,0.0,,
run_03,frame_0474.png,263,306.0608365019011,244.14448669201522,0.0,,
run_03,frame_0475.png,266,308.3233082706767,249.51127819548873,0.0,,
run_03,frame_0476.png,291,314.106529209622,250.92439862542955,0.0,,
run_03,frame_0477.png,262,320.9961832061069,253.0381679389313,0.0,,
run_03,frame_0478.png,251,327.81274900398404,248.84860557768926,0.0,,
run_03,frame_0479.png,234,331.8888888888889,240.86324786324786,0.0,,
run_03,frame_0480.png,230,328.5739130434783,232.62608695652173,0.0,,
run_03,frame_0481.png,218,322.95412844036696,226.75688073394497,0.0,,BASELINE
run_03,frame_0482.png,228,315.3640350877193,228.18421052631578,0.0,,
run_03,frame_0483.png,214,309.7570093457944,230.01401869158877,0.0,,
run_03,frame_0484.png,222,305.26576576576576,233.94594594594594,0.0,,
run_03,frame_0485.png,211,305.8009478672986,239.8388625592417,0.0,,
run_03,frame_0486.png,236,308.21610169491527,243.45762711864407,0.0,,
run_03,frame_0487.png,250,310.868,245.572,0.0,,
run_03,frame_0488.png,303,313.83168316831683,250.5181518151815,0.0,,
run_03,frame_0489.png,282,319.47163120567376,250.80851063829786,0.0,,
run_03,frame_0490.png,276,327.6268115942029,248.518115942029,0.0,,
run_03,frame_0491.png,281,333.1850533807829,239.21708185053382,0.0,,
run_03,frame_0492.png,275,330.8545454545455,227.63272727272727,0.0,,
run_03,frame_0493.png,325,320.5446153846154,222.85846153846154,0.0,,
run_03,frame_0494.png,362,311.19060773480663,226.3314917127072,0.0,,
run_03,frame_0495.png,339,304.12094395280235,228.34218289085547,0.0,,
run_03,frame_0496.png,329,301.6170212765957,235.03343465045592,0.0,,
run_03,frame_0497.png,339,300.1592920353982,240.7905604719764,0.0,,
run_03,frame_0498.png,369,305.63143631436316,243.29539295392954,6.510416666666667e-06,,
run_03,frame_0499.png,475,305.99368421052634,248.87578947368422,3.2552083333333335e-06,,
run_04,frame_0000.png,246,312.8658536585366,247.5691056910569,0.0,,
run_04,frame_0001.png,232,317.24568965517244,248.41810344827587,0.0,,
run_04,frame_0002.png,186,323.3494623655914,247.5215053763441,0.0,,BASELINE
run_04,frame_0003.png,173,328.1040462427746,241.95375722543352,0.0,,
run_04,frame_0004.png,174,325.61494252873564,235.17816091954023,0.0,,
run_04,frame_0005.png,173,320.6531791907515,231.8612716763006,0.0,,
run_04,frame_0006.png,187,315.96256684491976,232.41711229946523,0.0,,
run_04,frame_0007.png,169,312.3313609467456,232.9171597633136,0.0,,
run_04,frame_0008.png,152,310.99342105263156,236.57236842105263,0.0,,
run_04,frame_0009.png,143,306.4825174825175,239.17482517482517,0.0,,
run_04,frame_0010.png,156,310.59615384615387,242.48076923076923,0.0,,
run_04,frame_0011.png,171,311.55555555555554,246.1169590643275,0.0,,
run_04,frame_0012.png,193,315.0880829015544,246.66321243523316,0.0,,
run_04,frame_0013.png,192,319.5677083333333,248.65625,0.0,,
run_04,frame_0014.png,182,324.9010989010989,246.4945054945055,0.0,,
run_04,frame_0015.png,188,328.1436170212766,240.56382978723406,0.0,,
run_04,frame_0016.png,187,328.4652406417112,232.66310160427807,0.0,,
run_04,frame_0017.png,209,321.45454545454544,229.4306220095694,0.0,,
run_04,frame_0018.png,232,315.4655172413793,229.7456896551724,0.0,,
run_04,frame_0019.png,207,310.28985507246375,231.03864734299518,0.0,,
run_04,frame_0020.png,214,306.1869158878505,234.57476635514018,0.0,,
run_04,frame_0021.png,219,305.74429223744295,240.00913242009133,3.255208333333333e-05,,
run_04,frame_0022.png,236,308.1906779661017,244.1271186440678,0.000146484375,,
run_04,frame_0023.png,249,310.91967871485946,247.50602409638554,0.0005696614583333334,,
run_04,frame_0024.png,295,315.2169491525424,251.08813559322033,0.0014876302083333334,,
run_04,frame_0025.png,285,321.9578947368421,251.85614035087718,0.0023046875,,
run_04,frame_0026.png,285,331.0561403508772,248.7122807017544,0.0037174479166666666,,
run_04,frame_0027.png,305,335.47868852459015,238.87213114754098,0.003173828125,,
run_04,frame_0028.png,270,332.9592592592593,227.4037037037037,0.006350911458333333,,
run_04,frame_0029.png,267,322.46816479400746,224.37827715355806,0.0066927083333333335,,
run_04,frame_0030.png,263,314.4296577946768,225.1406844106464,0.006611328125,,
run_04,frame_0031.png,232,307.6681034482759,228.39224137931035,0.0069921875,,
run_04,frame_0032.png,232,305.12068965517244,234.93965517241378,0.0072591145833333336,,
run_04,frame_0033.png,227,304.77973568281936,241.2555066079295,0.006647135416666667,,
run_04,frame_0034.png,218,307.75688073394497,246.52293577981652,0.0067740885416666665,,
run_04,frame_0035.png,210,313.01428571428573,248.57142857142858,0.006611328125,,
run_04,frame_0036.png,226,317.783185840708,249.05309734513276,0.005914713541666667,,
run_04,frame_0037.png,199,322.7035175879397,248.02010050251258,0.005419921875,,
run_04,frame_0038.png,196,327.88775510204084,244.5969387755102,0.00423828125,,
run_04,frame_0039.png,190,329.30526315789473,238.05789473684212,0.003505859375,,
run_04,frame_0040.png,179,327.36871508379886,231.26256983240222,0.003186848958333333,,
run_04,frame_0041.png,183,320.24043715846994,230.20218579234972,0.0026432291666666666,,
run_04,frame_0042.png,171,315.1929824561403,230.97076023391813,0.00185546875,,
run_04,frame_0043.png,155,310.5483870967742,232.48387096774192,0.0011946614583333334,,
run_04,frame_0044.png,152,307.4342105263158,236.52631578947367,0.00036783854166666665,,
run_04,frame_0045.png,146,309.54794520547944,241.45890410958904,6.510416666666667e-06,,
run_04,frame_0046.png,149,311.80536912751677,244.34228187919464,0.0,,
run_04,frame_0047.png,171,314.7368421052632,245.4795321637427,0.0,,
run_04,frame_0048.png,188,317.99468085106383,248.17021276595744,0.0,,
run_04,frame_0049.png,165,321.94545454545454,246.52121212121213,0.0,,
run_04,frame_0050.png,179,326.78212290502796,243.41340782122904,0.0,,
run_04,frame_0051.png,181,328.02762430939225,236.91160220994476,0.0,,
run_04,frame_0052.png,187,325.97860962566847,229.40106951871658,0.0,,
run_04,frame_0053.png,212,318.22169811320754,228.99528301886792,0.0,,
run_04,frame_0054.png,217,312.5852534562212,230.52073732718895,0.0,,
run_04,frame_0055.png,202,308.1039603960396,233.3118811881188,0.0,,
run_04,frame_0056.png,204,303.30882352941177,237.29901960784315,0.0,,
run_04,frame_0057.png,237,307.1012658227848,242.42194092827003,0.0,,
run_04,frame_0058.png,249,308.83935742971886,246.11244979919678,0.0,,
run_04,frame_0059.png,283,312.2720848056537,248.4487632508834,0.0,,
run_04,frame_0060.png,303,317.3003300330033,251.4257425742574,0.0,,
run_04,frame_0061.png,291,324.8006872852234,250.42268041237114,0.0,,
run_04,frame_0062.png,276,331.67391304347825,243.3659420289855,0.0,,
run_04,frame_0063.png,316,332.6898734177215,231.90189873417722,0.0,,
run_04,frame_0064.png,294,323.0986394557823,225.48299319727892,0.0,,
run_04,frame_0065.png,325,314.43384615384616,226.12923076923076,0.0,,
run_04,frame_0066.png,281,308.0960854092527,228.04626334519574,0.0,,
run_04,frame_0067.png,233,303.84120171673817,232.78111587982832,0.0,,
run_04,frame_0068.png,221,302.92760180995475,238.85067873303169,0.0,,
run_04,frame_0069.png,237,308.38396624472574,242.27004219409284,0.0,,
run_04,frame_0070.png,250,308.772,246.66,0.0,,
run_04,frame_0071.png,258,312.7325581395349,248.8372093023256,0.0,,
run_04,frame_0072.png,239,316.97489539748955,247.85774058577405,0.0,,
run_04,frame_0073.png,203,321.82758620689657,245.88669950738915,0.0,,
run_04,frame_0074.png,189,328.26984126984127,240.56084656084656,0.0,,
run_04,frame_0075.png,193,325.0673575129534,233.45077720207254,0.0,,
run_04,frame_0076.png,184,319.6902173913044,229.7608695652174,0.0,,
run_04,frame_0077.png,214,314.1121495327103,230.59345794392524,0.0,,
run_04,frame_0078.png,181,311.1546961325967,234.292817679558,0.0,,
run_04,frame_0079.png,162,307.84567901234567,235.98765432098764,0.0,,
run_04,frame_0080.png,133,307.187969924812,240.10526315789474,0.0,,
run_04,frame_0081.png,160,309.96875,242.75625,0.0,,
run_04,frame_0082.png,177,311.59887005649716,245.135593220339,0.0,,
run_04,frame_0083.png,203,314.128078817734,246.99014778325125,0.0,,
run_04,frame_0084.png,199,318.52763819095475,248.42211055276383,0.0,,
run_04,frame_0085.png,177,323.40112994350284,245.72316384180792,0.0,,
run_04,frame_0086.png,166,324.9879518072289,239.2289156626506,0.0,,
run_04,frame_0087.png,195,322.97435897435895,232.6102564102564,0.0,,
run_04,frame_0088.png,232,317.5086206896552,228.94827586206895,0.0,,
run_04,frame_0089.png,245,311.9836734693878,230.32244897959183,0.0,,
run_04,frame_0090.png,217,307.9078341013825,232.85714285714286,0.0,,
run_04,frame_0091.png,198,305.1010101010101,236.35353535353536,9.440104166666666e-05,,
run_04,frame_0092.png,188,305.5691489361702,240.54255319148936,0.00021158854166666667,,
run_04,frame_0093.png,245,307.9836734693878,242.58367346938775,0.0009375,,
run_04,frame_0094.png,290,308.60689655172416,245.95862068965516,0.0009765625,,
run_04,frame_0095.png,327,311.52905198776756,249.14067278287462,0.0026139322916666667,,
run_04,frame_0096.png,318,317.74213836477986,251.61635220125785,0.0040104166666666665,,BASELINE
run_04,frame_0097.png,274,323.96715328467155,246.76277372262774,0.005123697916666667,,
run_04,frame_0098.png,282,328.95390070921985,236.43971631205673,0.00728515625,,
run_04,frame_0099.png,337,320.8783382789318,228.29970326409494,0.009104817708333334,,
run_04,frame_0100.png,384,313.3229166666667,224.234375,0.011689453125,,
run_04,frame_0101.png,364,306.9203296703297,228.69505494505495,0.012122395833333334,,
run_04,frame_0102.png,312,304.60897435897436,234.0096153846154,0.012701822916666666,,
run_04,frame_0103.png,236,302.8686440677966,237.47881355932202,0.012122395833333334,,
run_04,frame_0104.png,222,306.2027027027027,240.72522522522522,0.012447916666666666,,
run_04,frame_0105.png,267,307.44194756554305,242.58052434456928,0.009700520833333334,,
run_04,frame_0106.png,305,308.3606557377049,247.34754098360656,0.007620442708333334,,
run_04,frame_0107.png,294,312.078231292517,248.2312925170068,0.006555989583333333,,
run_04,frame_0108.png,256,318.2890625,249.65234375,0.005563151041666666,,
run_04,frame_0109.png,199,322.75879396984925,244.01507537688443,0.008671875,,
run_04,frame_0110.png,184,322.7554347826087,236.1195652173913,0.008623046875,,
run_04,frame_0111.png,218,318.2889908256881,231.0183486238532,0.012955729166666667,,
run_04,frame_0112.png,235,313.0936170212766,230.9276595744681,0.013743489583333334,,
run_04,frame_0113.png,232,309.64224137931035,232.73706896551724,0.021393229166666666,,
run_04,frame_0114.png,194,308.3041237113402,236.20618556701032,0.019319661458333335,,
run_04,frame_0115.png,147,306.9795918367347,238.62585034013605,0.020602213541666668,,
run_04,frame_0116.png,150,310.2266666666667,240.43333333333334,0.03511067708333333,,
run_04,frame_0117.png,188,309.67021276595744,242.93617021276594,0.035247395833333334,,
run_04,frame_0118.png,203,311.13300492610836,245.05418719211823,0.04700846354166666,,
run_04,frame_0119.png,220,313.3090909090909,245.7409090909091,0.06368489583333334,,
run_04,frame_0120.png,192,318.3072916666667,247.59895833333334,0.04919921875,,
run_04,frame_0121.png,155,321.4516129032258,242.78064516129032,0.060748697916666664,,
run_04,frame_0122.png,169,323.1715976331361,234.53254437869822,0.06483723958333333,,
run_04,frame_0123.png,212,316.5801886792453,230.96226415094338,0.0,,
run_04,frame_0124.png,247,311.834008097166,230.085020242915,0.0,,
run_04,frame_0125.png,260,308.0692307692308,233.07692307692307,0.0,,
run_04,frame_0126.png,212,305.7830188679245,235.75471698113208,0.0,,
run_04,frame_0127.png,165,304.3515151515152,239.04242424242423,0.0,,
run_04,frame_0128.png,207,307.47342995169083,240.66183574879227,0.0,,
run_04,frame_0129.png,283,307.53003533568904,241.69257950530036,0.0,,
run_04,frame_0130.png,337,307.53709198813056,246.53709198813056,0.0,,
run_04,frame_0131.png,335,310.88358208955225,250.12835820895523,0.0,,
run_04,frame_0132.png,305,317.0622950819672,249.81967213114754,0.0,,
run_04,frame_0133.png,223,322.07174887892376,242.51569506726457,0.0,,
run_04,frame_0134.png,283,321.1625441696113,231.02473498233215,0.0,,
run_04,frame_0135.png,384,314.0338541666667,224.29166666666666,0.0,,
run_04,frame_0136.png,462,306.0735930735931,224.9935064935065,0.0,,
run_04,frame_0137.png,394,302.83756345177665,232.53807106598984,0.0,,
run_04,frame_0138.png,290,302.8034482758621,237.08275862068965,0.0,,
run_04,frame_0139.png,205,300.8829268292683,239.37560975609756,0.0,,
run_04,frame_0140.png,259,305.9305019305019,240.2046332046332,0.0,,
run_04,frame_0141.png,322,305.72670807453414,242.1863354037267,0.0,,
run_04,frame_0142.png,333,306.85585585585585,246.81381381381382,0.0,,
run_04,frame_0143.png,317,310.7255520504732,249.13564668769715,0.0,,
run_04,frame_0144.png,253,316.8142292490119,248.49802371541503,0.0,,
run_04,frame_0145.png,169,322.55029585798815,240.87573964497042,0.0,,
run_04,frame_0146.png,210,318.79047619047617,232.1904761904762,0.0,,
run_04,frame_0147.png,247,313.41295546558706,228.91093117408906,0.0,,
run_04,frame_0148.png,281,309.16725978647685,231.9572953736655,0.0,,
run_04,frame_0149.png,237,306.8945147679325,234.20675105485233,0.0,,
run_04,frame_0150.png,177,306.2090395480226,237.20338983050848,0.0,,
run_04,frame_0151.png,107,306.30841121495325,239.86915887850466,0.0,,
run_04,frame_0152.png,184,308.8152173913044,240.56521739130434,0.0,,
run_04,frame_0153.png,213,308.9154929577465,242.54929577464787,0.0,,
run_04,frame_0154.png,231,310.2077922077922,244.8181818181818,0.0,,
run_04,frame_0155.png,213,312.54460093896716,246.44600938967136,0.0,,
run_04,frame_0156.png,178,316.314606741573,245.53370786516854,0.0,,
run_04,frame_0157.png,132,320.18939393939394,239.42424242424244,0.187470703125,OVEREXPOSED(19%),FLAGGED
run_04,frame_0158.png,191,315.78010471204186,233.49214659685865,0.17832682291666666,OVEREXPOSED(18%),FLAGGED
run_04,frame_0159.png,250,312.016,230.308,0.17468098958333333,OVEREXPOSED(17%),FLAGGED
run_04,frame_0160.png,270,308.2962962962963,232.87037037037038,0.18049153645833332,OVEREXPOSED(18%),FLAGGED
run_04,frame_0161.png,239,306.77405857740587,236.64853556485355,0.17084309895833333,OVEREXPOSED(17%),FLAGGED
run_04,frame_0162.png,178,305.1123595505618,238.07303370786516,0.16524088541666668,OVEREXPOSED(17%),FLAGGED
run_04,frame_0163.png,150,306.04,240.0,0.17252278645833333,OVEREXPOSED(17%),FLAGGED
run_04,frame_0164.png,239,306.89958158995813,240.01255230125523,0.16538736979166666,OVEREXPOSED(17%),FLAGGED
run_04,frame_0165.png,301,305.69102990033224,242.64119601328903,0.16520833333333335,OVEREXPOSED(17%),FLAGGED
run_04,frame_0166.png,341,306.4046920821114,247.03812316715542,0.17702799479166667,OVEREXPOSED(18%),FLAGGED
run_04,frame_0167.png,314,310.2484076433121,250.29299363057325,0.16859049479166666,OVEREXPOSED(17%),FLAGGED
run_04,frame_0168.png,256,315.03515625,246.97265625,0.17059895833333333,OVEREXPOSED(17%),FLAGGED
run_04,frame_0169.png,201,318.5970149253731,236.82587064676616,0.183427734375,OVEREXPOSED(18%),FLAGGED
run_04,frame_0170.png,340,312.80882352941177,228.4294117647059,0.17265950520833334,OVEREXPOSED(17%),FLAGGED
run_04,frame_0171.png,437,306.812356979405,225.2883295194508,0.167783203125,OVEREXPOSED(17%),FLAGGED
run_04,frame_0172.png,454,301.92290748898677,230.2555066079295,0.17717447916666668,OVEREXPOSED(18%),FLAGGED
run_04,frame_0173.png,400,300.64,236.3625,0.16385091145833333,OVEREXPOSED(16%),FLAGGED
run_04,frame_0174.png,254,301.6929133858268,239.06299212598427,0.16894205729166667,OVEREXPOSED(17%),FLAGGED
run_04,frame_0175.png,202,304.21287128712873,239.4851485148515,0.18529296875,OVEREXPOSED(19%),FLAGGED
run_04,frame_0176.png,305,304.28524590163937,239.25901639344264,0.18271484375,OVEREXPOSED(18%),FLAGGED
run_04,frame_0177.png,366,303.8387978142076,242.69398907103826,0.19362955729166667,OVEREXPOSED(19%),FLAGGED
run_04,frame_0178.png,372,305.5860215053763,247.15860215053763,0.21026041666666667,OVEREXPOSED(21%),FLAGGED
run_04,frame_0179.png,300,309.8566666666667,249.47666666666666,0.20902669270833332,OVEREXPOSED(21%),FLAGGED
run_04,frame_0180.png,210,314.35238095238094,245.41904761904763,0.21995442708333332,OVEREXPOSED(22%),FLAGGED
run_04,frame_0181.png,169,316.36686390532543,235.96449704142012,0.234375,OVEREXPOSED(23%),FLAGGED
run_04,frame_0182.png,253,312.4505928853755,229.95256916996047,0.23184895833333333,OVEREXPOSED(23%),FLAGGED
run_04,frame_0183.png,302,308.63576158940396,229.07615894039736,0.23571614583333333,OVEREXPOSED(24%),FLAGGED
run_04,frame_0184.png,297,306.3198653198653,234.03367003367003,0.24706705729166667,OVEREXPOSED(25%),FLAGGED
run_04,frame_0185.png,233,305.7424892703863,236.89270386266094,0.24397135416666665,OVEREXPOSED(24%),FLAGGED
run_04,frame_0186.png,144,306.3541666666667,239.27777777777777,0.24856770833333333,OVEREXPOSED(25%),FLAGGED
run_04,frame_0187.png,145,307.24827586206897,239.9655172413793,0.25699544270833335,OVEREXPOSED(26%),FLAGGED
run_04,frame_0188.png,204,307.63235294117646,240.8186274509804,0.2594075520833333,OVEREXPOSED(26%),FLAGGED
run_04,frame_0189.png,236,307.79237288135596,243.03813559322035,0.26822591145833335,OVEREXPOSED(27%),FLAGGED
run_04,frame_0190.png,229,309.2489082969432,244.97816593886463,0.276650390625,OVEREXPOSED(28%),FLAGGED
run_04,frame_0191.png,192,311.4479166666667,245.19270833333334,0.281328125,OVEREXPOSED(28%),FLAGGED
run_04,frame_0192.png,123,314.5528455284553,242.90243902439025,0.284521484375,OVEREXPOSED(28%),FLAGGED
run_04,frame_0193.png,148,315.14864864864865,235.3918918918919,0.0,,
run_04,frame_0194.png,220,311.5772727272727,231.48636363636365,0.0,,
run_04,frame_0195.png,263,308.319391634981,231.70722433460077,0.0,,
run_04,frame_0196.png,256,306.37890625,235.609375,0.0,,BASELINE
run_04,frame_0197.png,220,305.1318181818182,237.30454545454546,0.0,,
run_04,frame_0198.png,123,304.6991869918699,239.3821138211382,0.0,,
run_04,frame_0199.png,171,305.5263157894737,240.093567251462,0.0,,
run_04,frame_0200.png,269,305.453531598513,239.81412639405204,0.0,,
run_04,frame_0201.png,341,304.88269794721407,243.266862170088,0.0,,
run_04,frame_0202.png,330,306.130303030303,248.72121212121212,0.0,,
run_04,frame_0203.png,271,309.05535055350555,248.62361623616235,0.0,,
run_04,frame_0204.png,158,313.04430379746833,242.5253164556962,0.0,,
run_04,frame_0205.png,260,311.1807692307692,231.25,0.0,,
run_04,frame_0206.png,379,306.17941952506595,227.13720316622693,0.0,,
run_04,frame_0207.png,444,302.15765765765764,229.04954954954954,0.0,,
run_04,frame_0208.png,446,300.25560538116594,236.80044843049328,0.0,,
run_04,frame_0209.png,345,300.02028985507246,239.76521739130436,0.0,,
run_04,frame_0210.png,148,299.3783783783784,239.8108108108108,0.0,,
run_04,frame_0211.png,282,303.4078014184397,237.15602836879432,0.0,,
run_04,frame_0212.png,388,301.9355670103093,239.72164948453607,0.0,,
run_04,frame_0213.png,397,302.5214105793451,245.3551637279597,0.0,,
run_04,frame_0214.png,338,305.103550295858,250.19230769230768,0.0,,BASELINE
run_04,frame_0215.png,254,308.8503937007874,248.2755905511811,0.0,,
run_04,frame_0216.png,114,313.8859649122807,240.28070175438597,0.0,,
run_04,frame_0217.png,244,309.6024590163934,232.0655737704918,0.0,,
run_04,frame_0218.png,319,307.153605015674,229.1128526645768,0.0,,
run_04,frame_0219.png,320,305.23125,232.80625,0.0,,
run_04,frame_0220.png,269,304.5910780669145,235.64684014869889,0.0,,
run_04,frame_0221.png,184,305.6358695652174,239.45108695652175,0.0,,
run_04,frame_0222.png,85,305.1058823529412,239.8235294117647,0.0,,
run_04,frame_0223.png,192,306.78125,239.33333333333334,0.0,,
run_04,frame_0224.png,242,306.60330578512395,240.8595041322314,0.0,,
run_04,frame_0225.png,244,307.1885245901639,244.99180327868854,0.0,,
run_04,frame_0226.png,223,308.9237668161435,246.23318385650225,0.0,,
run_04,frame_0227.png,159,310.74213836477986,244.37106918238993,0.376484375,OVEREXPOSED(38%),FLAGGED
run_04,frame_0228.png,81,312.48148148148147,238.71604938271605,0.3811165364583333,OVEREXPOSED(38%),FLAGGED
run_04,frame_0229.png,188,310.281914893617,233.35638297872342,0.38046875,OVEREXPOSED(38%),FLAGGED
run_04,frame_0230.png,246,308.1991869918699,231.16260162601625,0.380791015625,OVEREXPOSED(38%),FLAGGED
run_04,frame_0231.png,275,306.4218181818182,233.61818181818182,0.3824055989583333,OVEREXPOSED(38%),FLAGGED
run_04,frame_0232.png,237,305.38818565400845,236.57805907172997,0.3808821614583333,OVEREXPOSED(38%),FLAGGED
run_04,frame_0233.png,157,305.312101910828,239.37579617834396,0.38104817708333333,OVEREXPOSED(38%),FLAGGED
run_04,frame_0234.png,104,305.63461538461536,239.60576923076923,0.3835904947916667,OVEREXPOSED(38%),FLAGGED
run_04,frame_0235.png,222,305.22972972972974,239.5,0.38349609375,OVEREXPOSED(38%),FLAGGED
run_04,frame_0236.png,295,304.50847457627117,240.71525423728812,0.3859993489583333,OVEREXPOSED(39%),FLAGGED
run_04,frame_0237.png,319,304.3949843260188,246.31347962382446,0.39083658854166664,OVEREXPOSED(39%),FLAGGED
run_04,frame_0238.png,282,305.63475177304963,249.04255319148936,0.39114583333333336,OVEREXPOSED(39%),FLAGGED
run_04,frame_0239.png,210,307.25714285714287,245.88571428571427,0.39332682291666665,OVEREXPOSED(39%),FLAGGED
run_04,frame_0240.png,156,308.44871794871796,236.28846153846155,0.39960286458333333,OVEREXPOSED(40%),FLAGGED
run_04,frame_0241.png,315,305.6126984126984,228.57777777777778,0.397060546875,OVEREXPOSED(40%),FLAGGED
run_04,frame_0242.png,405,302.4469135802469,228.88888888888889,0.3975748697916667,OVEREXPOSED(40%),FLAGGED
run_04,frame_0243.png,437,300.5217391304348,233.4508009153318,0.40218424479166665,OVEREXPOSED(40%),FLAGGED
run_04,frame_0244.png,377,299.6949602122016,238.70822281167108,0.399013671875,OVEREXPOSED(40%),FLAGGED
run_04,frame_0245.png,248,299.133064516129,240.07258064516128,0.399482421875,OVEREXPOSED(40%),FLAGGED
run_04,frame_0246.png,199,300.30150753768845,238.56281407035175,0.404951171875,OVEREXPOSED(40%),FLAGGED
run_04,frame_0247.png,346,300.5693641618497,236.89017341040463,0.40594075520833334,OVEREXPOSED(41%),FLAGGED
run_04,frame_0248.png,419,300.53221957040574,240.5035799522673,0.41162109375,OVEREXPOSED(41%),FLAGGED
run_04,frame_0249.png,407,301.61425061425064,247.28255528255528,0.41860026041666665,OVEREXPOSED(42%),FLAGGED
run_04,frame_0250.png,322,303.5496894409938,248.61490683229815,0.41997395833333334,OVEREXPOSED(42%),FLAGGED
run_04,frame_0251.png,192,305.9479166666667,245.26041666666666,0.425400390625,OVEREXPOSED(43%),FLAGGED
run_04,frame_0252.png,176,306.625,235.11363636363637,0.43207682291666666,OVEREXPOSED(43%),FLAGGED
run_04,frame_0253.png,270,305.5814814814815,229.34814814814814,0.432529296875,OVEREXPOSED(43%),FLAGGED
run_04,frame_0254.png,331,304.3021148036254,230.45317220543808,0.43513671875,OVEREXPOSED(44%),FLAGGED
run_04,frame_0255.png,314,303.8949044585987,234.27070063694268,0.43949544270833335,OVEREXPOSED(44%),FLAGGED
run_04,frame_0256.png,242,304.1322314049587,238.39256198347107,0.44027018229166665,OVEREXPOSED(44%),FLAGGED
run_04,frame_0257.png,124,304.5403225806452,239.53225806451613,0.44238932291666666,OVEREXPOSED(44%),FLAGGED
run_04,frame_0258.png,132,305.52272727272725,239.62878787878788,0.4462109375,OVEREXPOSED(45%),FLAGGED
run_04,frame_0259.png,215,305.86511627906975,238.8139534883721,0.4499153645833333,OVEREXPOSED(45%),FLAGGED
run_04,frame_0260.png,251,306.00796812749,241.42629482071712,0.4526595052083333,OVEREXPOSED(45%),FLAGGED
run_04,frame_0261.png,243,306.67489711934155,245.7201646090535,0.45710611979166665,OVEREXPOSED(46%),FLAGGED
run_04,frame_0262.png,199,307.7638190954774,246.7889447236181,0.46102213541666665,OVEREXPOSED(46%),FLAGGED
run_04,frame_0263.png,102,308.5882352941176,242.7156862745098,0.0,,
run_04,frame_0264.png,126,308.7936507936508,236.03968253968253,0.0,,BASELINE
run_04,frame_0265.png,202,307.8811881188119,232.990099009901,0.0,,
run_04,frame_0266.png,255,306.7176470588235,233.60392156862744,0.0,,
run_04,frame_0267.png,241,306.00414937759336,235.8423236514523,0.0,,
run_04,frame_0268.png,203,305.44827586206895,237.73891625615764,0.0,,
run_04,frame_0269.png,96,304.9791666666667,239.78125,0.0,,
run_04,frame_0270.png,154,305.46753246753246,239.05844155844156,0.0,,
run_04,frame_0271.png,261,304.93869731800766,239.04597701149424,0.0,,
run_04,frame_0272.png,293,304.45733788395904,242.65529010238907,0.0,,
run_04,frame_0273.png,302,304.6158940397351,246.74172185430464,0.0,,
run_04,frame_0274.png,247,305.7004048582996,248.49797570850203,0.0,,
run_04,frame_0275.png,128,307.171875,243.1875,0.0,,
run_04,frame_0276.png,219,306.01826484018267,232.86301369863014,0.0,,
run_04,frame_0277.png,324,303.9938271604938,228.68827160493828,0.0,,
run_04,frame_0278.png,399,301.9548872180451,230.859649122807,0.0,,
run_04,frame_0279.png,404,300.5742574257426,236.65346534653466,0.0,,
run_04,frame_0280.png,313,300.258785942492,239.82747603833866,0.0,,
run_04,frame_0281.png,131,299.70992366412213,240.12213740458014,0.0,,
run_04,frame_0282.png,279,300.02867383512546,237.39068100358423,0.0,,
run_04,frame_0283.png,407,299.8083538083538,237.61179361179362,0.0,,BASELINE
run_04,frame_0284.png,439,300.30296127562644,243.33257403189066,0.0,,
run_04,frame_0285.png,392,302.0255102040816,249.5969387755102,0.0,,
run_04,frame_0286.png,284,304.53521126760563,248.25704225352112,0.0,,
run_04,frame_0287.png,117,307.8205128205128,241.83760683760684,0.0,,
run_04,frame_0288.png,247,307.2429149797571,231.39676113360323,0.0,,
run_04,frame_0289.png,308,305.14285714285717,229.28571428571428,0.0,,
run_04,frame_0290.png,355,303.90140845070425,232.36901408450703,0.0,,
run_04,frame_0291.png,308,303.711038961039,236.42857142857142,0.0,,
run_04,frame_0292.png,210,304.29047619047617,238.9,0.0,,
run_04,frame_0293.png,78,303.7692307692308,239.83333333333334,0.0,,
run_04,frame_0294.png,196,305.3469387755102,240.19387755102042,0.0,,
run_04,frame_0295.png,250,306.044,238.892,0.0,,
run_04,frame_0296.png,267,306.34082397003743,246.23970037453182,0.0,,
run_04,frame_0297.png,234,307.7991452991453,246.47863247863248,0.38405924479166664,OVEREXPOSED(38%),FLAGGED
run_04,frame_0298.png,176,309.96022727272725,245.4375,0.38447265625,OVEREXPOSED(38%),FLAGGED
run_04,frame_0299.png,76,312.2894736842105,239.80263157894737,0.385234375,OVEREXPOSED(39%),FLAGGED
run_04,frame_0300.png,166,310.7710843373494,234.1987951807229,0.3822265625,OVEREXPOSED(38%),FLAGGED
run_04,frame_0301.png,230,309.1304347826087,231.55652173913043,0.3798014322916667,OVEREXPOSED(38%),FLAGGED
run_04,frame_0302.png,259,307.1660231660232,233.8146718146718,0.3750944010416667,OVEREXPOSED(38%),FLAGGED
run_04,frame_0303.png,228,306.2061403508772,236.6315789473684,0.36837890625,OVEREXPOSED(37%),FLAGGED
run_04,frame_0304.png,162,305.9567901234568,238.7962962962963,0.36398111979166664,OVEREXPOSED(36%),FLAGGED
run_04,frame_0305.png,89,305.60674157303373,239.9438202247191,0.3600390625,OVEREXPOSED(36%),FLAGGED
run_04,frame_0306.png,199,306.33668341708545,239.28643216080403,0.3545833333333333,OVEREXPOSED(35%),FLAGGED
run_04,frame_0307.png,263,305.39923954372625,241.42205323193917,0.35208333333333336,OVEREXPOSED(35%),FLAGGED
run_04,frame_0308.png,296,305.5371621621622,245.4358108108108,0.35130859375,OVEREXPOSED(35%),FLAGGED
run_04,frame_0309.png,278,307.3201438848921,249.09712230215828,0.34521484375,OVEREXPOSED(35%),FLAGGED
run_04,frame_0310.png,207,309.7487922705314,246.33333333333334,0.3424479166666667,OVEREXPOSED(34%),FLAGGED
run_04,frame_0311.png,134,311.36567164179104,237.36567164179104,0.34220703125,OVEREXPOSED(34%),FLAGGED
run_04,frame_0312.png,283,309.0388692579505,229.62897526501766,0.33325846354166666,OVEREXPOSED(33%),FLAGGED
run_04,frame_0313.png,356,304.8623595505618,229.4129213483146,0.32731770833333335,OVEREXPOSED(33%),FLAGGED
run_04,frame_0314.png,391,302.4782608695652,233.21994884910487,0.324775390625,OVEREXPOSED(32%),FLAGGED
run_04,frame_0315.png,347,301.6311239193084,238.20461095100865,0.3130794270833333,OVEREXPOSED(31%),FLAGGED
run_04,frame_0316.png,226,301.69026548672565,240.01769911504425,0.30745768229166665,OVEREXPOSED(31%),FLAGGED
run_04,frame_0317.png,207,301.8309178743961,239.28019323671498,0.3072330729166667,OVEREXPOSED(31%),FLAGGED
run_04,frame_0318.png,368,301.2092391304348,238.3451086956522,0.29515950520833334,OVEREXPOSED(30%),FLAGGED
run_04,frame_0319.png,472,300.34110169491527,240.48728813559322,0.2926888020833333,OVEREXPOSED(29%),FLAGGED
run_04,frame_0320.png,445,301.99101123595506,249.28314606741574,0.299287109375,OVEREXPOSED(30%),FLAGGED
run_04,frame_0321.png,370,305.6756756756757,250.46486486486486,0.293369140625,OVEREXPOSED(29%),FLAGGED
run_04,frame_0322.png,229,310.68558951965065,246.26637554585153,0.29505859375,OVEREXPOSED(30%),FLAGGED
run_04,frame_0323.png,202,314.029702970297,234.13366336633663,0.30125,OVEREXPOSED(30%),FLAGGED
run_04,frame_0324.png,299,309.0903010033445,228.06354515050168,0.2930045572916667,OVEREXPOSED(29%),FLAGGED
run_04,frame_0325.png,349,305.65616045845275,228.59312320916905,0.29138346354166667,OVEREXPOSED(29%),FLAGGED
run_04,frame_0326.png,333,304.03903903903904,234.65165165165166,0.294111328125,OVEREXPOSED(29%),FLAGGED
run_04,frame_0327.png,264,303.9734848484849,237.36363636363637,0.2870182291666667,OVEREXPOSED(29%),FLAGGED
run_04,frame_0328.png,154,304.65584415584414,239.42857142857142,0.2848209635416667,OVEREXPOSED(28%),FLAGGED
run_04,frame_0329.png,162,306.3703703703704,239.47530864197532,0.28768229166666665,OVEREXPOSED(29%),FLAGGED
run_04,frame_0330.png,238,306.4033613445378,239.82773109243698,0.28369791666666666,OVEREXPOSED(28%),FLAGGED
run_04,frame_0331.png,267,306.5056179775281,242.12359550561797,0.28459309895833335,OVEREXPOSED(28%),FLAGGED
run_04,frame_0332.png,267,307.8426966292135,245.28838951310863,0.28859375,OVEREXPOSED(29%),FLAGGED
run_04,frame_0333.png,206,310.68932038834953,246.49514563106797,0.0,,
run_04,frame_0334.png,136,313.15441176470586,242.63235294117646,0.0,,
run_04,frame_0335.png,144,314.30555555555554,235.875,0.0,,
run_04,frame_0336.png,200,312.135,231.935,0.0,,
run_04,frame_0337.png,245,309.56326530612245,231.1469387755102,0.0,,
run_04,frame_0338.png,228,307.5877192982456,235.16228070175438,0.0,,
run_04,frame_0339.png,194,306.63917525773195,237.37113402061857,0.0,,
run_04,frame_0340.png,115,307.4347826086956,239.7826086956522,0.0,,
run_04,frame_0341.png,155,307.89677419354837,239.59354838709677,0.0,,
run_04,frame_0342.png,228,307.07894736842104,240.7938596491228,0.0,,
run_04,frame_0343.png,276,306.67391304347825,245.0072463768116,0.0,,
run_04,frame_0344.png,274,308.2919708029197,247.4160583941606,0.0,,
run_04,frame_0345.png,246,311.9634146341463,247.96747967479675,0.0,,
run_04,frame_0346.png,154,315.4805194805195,242.33766233766235,0.0,,
run_04,frame_0347.png,217,315.3041474654378,232.49308755760367,0.0,,
run_04,frame_0348.png,308,309.7305194805195,229.47727272727272,0.0,,
run_04,frame_0349.png,357,305.7591036414566,229.15686274509804,0.0,,
run_04,frame_0350.png,352,303.40909090909093,234.8778409090909,0.0,,
run_04,frame_0351.png,276,302.0471014492754,237.44565217391303,0.0,,
run_04,frame_0352.png,161,301.3229813664596,239.65217391304347,0.0,,
run_04,frame_0353.png,282,303.8404255319149,239.25177304964538,0.0,,
run_04,frame_0354.png,413,302.24455205811137,240.98789346246974,0.0,,
run_04,frame_0355.png,483,301.935817805383,246.5134575569358,0.0,,
run_04,frame_0356.png,422,306.75118483412325,252.85781990521326,0.0,,
run_04,frame_0357.png,320,312.76875,250.05625,0.0,,
run_04,frame_0358.png,209,318.6937799043062,240.64114832535884,0.0,,
run_04,frame_0359.png,286,315.6013986013986,229.72027972027973,0.0,,
run_04,frame_0360.png,347,309.3976945244957,228.14121037463977,0.0,,
run_04,frame_0361.png,351,305.74643874643874,229.84900284900286,0.0,,
run_04,frame_0362.png,311,304.5337620578778,235.40514469453376,0.0,,
run_04,frame_0363.png,213,304.05164319248826,237.69953051643193,0.0,,
run_04,frame_0364.png,137,304.7007299270073,239.90510948905109,0.0,,
run_04,frame_0365.png,219,306.64383561643837,240.45662100456622,0.0,,
run_04,frame_0366.png,269,306.9888475836431,242.15613382899627,0.0,,
run_04,frame_0367.png,276,308.2789855072464,246.07246376811594,0.179638671875,OVEREXPOSED(18%),FLAGGED
run_04,frame_0368.png,243,311.7448559670782,247.84362139917695,0.17605143229166667,OVEREXPOSED(18%),FLAGGED
run_04,frame_0369.png,190,315.9684210526316,245.74736842105264,0.17826497395833332,OVEREXPOSED(18%),FLAGGED
run_04,frame_0370.png,133,319.6616541353383,239.17293233082708,0.18755533854166667,OVEREXPOSED(19%),FLAGGED
run_04,frame_0371.png,184,316.0054347826087,233.2391304347826,0.1828125,OVEREXPOSED(18%),FLAGGED
run_04,frame_0372.png,212,312.54245283018867,231.3679245283019,0.179833984375,OVEREXPOSED(18%),FLAGGED
run_04,frame_0373.png,228,309.7543859649123,232.64912280701753,0.184130859375,OVEREXPOSED(18%),FLAGGED
run_04,frame_0374.png,188,308.32978723404256,236.4255319148936,0.17446940104166667,OVEREXPOSED(17%),FLAGGED
run_04,frame_0375.png,148,307.10135135135135,238.11486486486487,0.16236979166666668,OVEREXPOSED(16%),FLAGGED
run_04,frame_0376.png,126,306.14285714285717,240.3968253968254,0.16240885416666667,OVEREXPOSED(16%),FLAGGED
run_04,frame_0377.png,188,308.468085106383,240.86702127659575,0.14730143229166667,OVEREXPOSED(15%),FLAGGED
run_04,frame_0378.png,238,308.10084033613447,243.68487394957984,0.14314778645833334,OVEREXPOSED(14%),FLAGGED
run_04,frame_0379.png,266,309.53007518796994,246.28947368421052,0.14895182291666667,OVEREXPOSED(15%),FLAGGED
run_04,frame_0380.png,238,312.94117647058823,248.11764705882354,0.1337890625,OVEREXPOSED(13%),FLAGGED
run_04,frame_0381.png,206,317.30582524271847,245.42233009708738,0.127177734375,OVEREXPOSED(13%),FLAGGED
run_04,frame_0382.png,165,320.3272727272727,237.4848484848485,0.13548502604166668,OVEREXPOSED(14%),FLAGGED
run_04,frame_0383.png,245,316.0163265306122,230.90204081632652,0.10968424479166666,OVEREXPOSED(11%),FLAGGED
run_04,frame_0384.png,312,310.8621794871795,228.47435897435898,0.10005208333333333,OVEREXPOSED(10%),FLAGGED
run_04,frame_0385.png,336,306.4166666666667,231.98214285714286,0.10555989583333333,OVEREXPOSED(11%),FLAGGED
run_04,frame_0386.png,285,303.70877192982454,234.60350877192982,0.07622721354166667,,
run_04,frame_0387.png,220,302.9318181818182,238.1090909090909,0.06467447916666667,,
run_04,frame_0388.png,219,305.041095890411,240.12328767123287,0.06896158854166666,,
run_04,frame_0389.png,332,303.855421686747,242.30722891566265,0.04435546875,,
run_04,frame_0390.png,398,304.3467336683417,244.83668341708542,0.03791015625,,
run_04,frame_0391.png,435,306.8137931034483,250.64827586206897,0.04751953125,,
run_04,frame_0392.png,390,313.3897435897436,252.35641025641024,0.024772135416666667,,
run_04,frame_0393.png,268,320.28731343283584,246.455223880597,0.033916015625,,
run_04,frame_0394.png,251,323.8844621513944,233.9760956175299,0.05295572916666667,,
run_04,frame_0395.png,328,316.8109756097561,226.98170731707316,0.032864583333333336,,BASELINE
run_04,frame_0396.png,368,310.1141304347826,226.7038043478261,0.03212239583333333,,
run_04,frame_0397.png,329,305.9635258358663,231.03647416413375,0.05039713541666667,,
run_04,frame_0398.png,248,304.6774193548387,235.3548387096774,0.030358072916666666,,BASELINE
run_04,frame_0399.png,177,303.225988700565,238.27683615819208,0.033984375,,
run_04,frame_0400.png,189,307.43386243386243,240.51322751322752,0.046022135416666665,,
run_04,frame_0401.png,245,306.8979591836735,243.31428571428572,0.03233072916666667,,
run_04,frame_0402.png,266,308.73308270676694,246.41729323308272,0.03985677083333333,,
run_04,frame_0403.png,256,312.74609375,249.82421875,0.0,,
run_04,frame_0404.png,211,317.30331753554503,247.70616113744074,0.0,,
run_04,frame_0405.png,154,320.47402597402595,242.28571428571428,0.0,,
run_04,frame_0406.png,161,320.1925465838509,235.70807453416148,0.0,,
run_04,frame_0407.png,203,316.9064039408867,231.064039408867,0.0,,
run_04,frame_0408.png,219,312.5570776255708,231.36529680365297,0.0,,
run_04,frame_0409.png,200,309.795,233.825,0.0,,
run_04,frame_0410.png,160,307.9375,236.0875,0.0,,
run_04,frame_0411.png,133,307.21804511278197,239.27067669172934,0.0,,
run_04,frame_0412.png,158,309.77848101265823,240.9240506329114,0.0,,
run_04,frame_0413.png,206,309.34466019417476,243.5873786407767,0.0,,
run_04,frame_0414.png,241,310.90871369294604,246.47717842323652,0.0,,
run_04,frame_0415.png,233,313.75536480686696,246.88412017167383,0.0,,
run_04,frame_0416.png,206,320.1504854368932,248.02912621359224,0.0,,
run_04,frame_0417.png,176,323.96590909090907,241.5056818181818,0.0,,
run_04,frame_0418.png,194,323.45360824742266,232.62886597938143,0.0,,
run_04,frame_0419.png,256,317.47265625,227.91015625,0.0,,
run_04,frame_0420.png,291,311.0378006872852,229.72164948453607,0.0,,
run_04,frame_0421.png,273,306.64102564102564,231.34065934065933,0.0,,BASELINE
run_04,frame_0422.png,226,304.2920353982301,235.52654867256638,0.0,,
run_04,frame_0423.png,209,303.21531100478467,239.51674641148324,0.0,,
run_04,frame_0424.png,259,306.0810810810811,242.007722007722,0.0,,
run_04,frame_0425.png,340,306.5,244.82647058823528,0.0,,BASELINE
run_04,frame_0426.png,375,308.65866666666665,249.50133333333332,0.0,,
run_04,frame_0427.png,387,314.7596899224806,253.28682170542635,0.0,,
run_04,frame_0428.png,323,323.0030959752322,250.32198142414862,0.0,,
run_04,frame_0429.png,253,331.798418972332,240.35177865612647,0.0,,
run_04,frame_0430.png,291,323.46735395189006,230.62199312714776,0.0,,
run_04,frame_0431.png,316,317.0,225.0379746835443,0.0,,
run_04,frame_0432.png,323,310.05882352941177,228.80495356037153,0.0,,
run_04,frame_0433.png,268,305.45522388059703,230.52238805970148,0.0,,
run_04,frame_0434.png,225,304.44444444444446,236.07111111111112,0.0,,
run_04,frame_0435.png,193,305.2901554404145,240.23316062176167,0.0,,
run_04,frame_0436.png,228,307.6578947368421,242.80263157894737,0.0,,
run_04,frame_0437.png,247,308.9676113360324,246.65182186234819,0.0,,
run_04,frame_0438.png,255,312.7803921568627,248.05490196078432,0.0,,
run_04,frame_0439.png,233,318.3090128755365,249.61802575107296,0.0,,
run_04,frame_0440.png,198,322.62626262626264,245.25252525252526,0.0,,
run_04,frame_0441.png,164,326.4268292682927,238.5548780487805,0.0,,
run_04,frame_0442.png,172,321.97093023255815,232.91860465116278,9.440104166666666e-05,,
run_04,frame_0443.png,196,317.0255102040816,230.94387755102042,0.0005403645833333333,,
run_04,frame_0444.png,187,312.75401069518716,231.2673796791444,0.0009928385416666666,,
run_04,frame_0445.png,158,309.88607594936707,234.3227848101266,0.0018098958333333333,,
run_04,frame_0446.png,140,307.84285714285716,237.3357142857143,0.002041015625,,
run_04,frame_0447.png,146,308.90410958904107,240.86986301369862,0.0023307291666666667,,
run_04,frame_0448.png,171,310.6608187134503,242.98245614035088,0.002314453125,,
run_04,frame_0449.png,193,311.7564766839378,246.99481865284974,0.0025553385416666667,,
run_04,frame_0450.png,214,315.28504672897196,247.50934579439252,0.00341796875,,
run_04,frame_0451.png,191,319.5549738219895,247.1151832460733,0.0044596354166666664,,
run_04,frame_0452.png,185,325.33513513513515,244.1891891891892,0.005559895833333333,,
run_04,frame_0453.png,194,326.0103092783505,237.13917525773195,0.00767578125,,
run_04,frame_0454.png,196,322.6530612244898,230.7295918367347,0.008932291666666667,,
run_04,frame_0455.png,237,316.7763713080169,227.8523206751055,0.009508463541666666,,
run_04,frame_0456.png,236,311.135593220339,229.88983050847457,0.008916015625,,
run_04,frame_0457.png,219,306.34703196347033,232.36529680365297,0.00794921875,,
run_04,frame_0458.png,205,304.05853658536586,237.20975609756098,0.006614583333333333,,
run_04,frame_0459.png,225,306.73777777777775,241.66222222222223,0.005983072916666667,,
run_04,frame_0460.png,257,307.92217898832683,245.17898832684824,0.004850260416666667,,
run_04,frame_0461.png,310,310.541935483871,249.1258064516129,0.004016927083333333,,
run_04,frame_0462.png,327,315.9816513761468,252.53516819571865,0.0033170572916666665,,
run_04,frame_0463.png,309,322.7443365695793,250.4822006472492,0.0027376302083333332,,
run_04,frame_0464.png,301,332.421926910299,244.96677740863788,0.0028515625,,
run_04,frame_0465.png,303,331.64356435643566,233.5742574257426,0.0022330729166666666,,
run_04,frame_0466.png,285,324.59298245614036,225.9859649122807,0.001982421875,,
run_04,frame_0467.png,296,316.0777027027027,225.07432432432432,0.0008626302083333333,,
run_04,frame_0468.png,269,309.7657992565056,228.0185873605948,0.000244140625,,
run_04,frame_0469.png,241,305.7344398340249,232.52697095435684,1.3020833333333334e-05,,
run_04,frame_0470.png,226,304.0,237.93805309734512,0.0,,
run_04,frame_0471.png,217,306.70046082949307,242.8709677419355,0.0,,
run_04,frame_0472.png,209,309.5263157894737,246.3444976076555,0.0,,
run_04,frame_0473.png,231,314.06493506493507,245.54978354978354,0.0,,
run_04,frame_0474.png,222,318.7027027027027,249.51351351351352,0.0,,
run_04,frame_0475.png,187,324.2566844919786,247.50802139037432,0.0,,
run_04,frame_0476.png,186,327.3709677419355,241.70430107526883,0.0,,BASELINE
run_04,frame_0477.png,188,328.3351063829787,234.61170212765958,0.0,,
run_04,frame_0478.png,171,323.5672514619883,229.40350877192984,0.0,,
run_04,frame_0479.png,186,317.26344086021504,230.53225806451613,0.0,,
run_04,frame_0480.png,169,313.18934911242604,232.5976331360947,0.0,,
run_04,frame_0481.png,153,308.6470588235294,234.05228758169935,0.0,,
run_04,frame_0482.png,151,308.2317880794702,239.0794701986755,0.0,,
run_04,frame_0483.png,155,312.21290322580643,242.0258064516129,0.0,,
run_04,frame_0484.png,157,312.171974522293,246.36305732484075,0.0,,
run_04,frame_0485.png,177,316.07909604519773,247.15254237288136,0.0,,
run_04,frame_0486.png,179,320.5139664804469,248.5977653631285,0.0,,
run_04,frame_0487.png,173,323.8265895953757,245.20809248554914,0.0,,
run_04,frame_0488.png,177,329.05649717514126,241.0,0.0,,
run_04,frame_0489.png,181,327.3646408839779,234.69060773480663,0.0,,
run_04,frame_0490.png,186,323.88709677419354,228.79569892473117,0.0,,
run_04,frame_0491.png,210,317.1190476190476,228.04761904761904,0.0,,
run_04,frame_0492.png,190,311.5263157894737,230.12105263157895,0.0,,
run_04,frame_0493.png,200,306.905,233.775,0.0,,
run_04,frame_0494.png,216,303.9166666666667,239.58796296296296,0.0,,
run_04,frame_0495.png,235,308.3404255319149,244.40851063829788,0.0,,
run_04,frame_0496.png,244,310.9795081967213,248.59016393442624,0.0,,
run_04,frame_0497.png,274,315.8284671532847,250.12408759124088,0.0,,
run_04,frame_0498.png,272,322.65441176470586,252.58455882352942,0.0,,BASELINE
run_04,frame_0499.png,274,328.2700729927007,247.64598540145985,0.0,,
